record_id,x,y,y_true,plotted
R00000,0.0,0.0,0,0
R00006,0.0,0.0,0,0
R00007,0.0,0.0,0,0
R00021,0.0,0.0,0,0
R00029,0.0,0.0,0,0
R00053,0.0,0.0,0,0
R00063,0.0,0.0,0,0
R00075,0.0,0.0,0,0
R00079,0.0,0.0,0,0
R00083,0.0,0.0,0,0
R00091,0.0,0.0,0,0
R00096,0.0,0.0,0,0
R00097,-1.2242382764816284,1.9350183010101318,1,1
R00116,0.0,0.0,0,0
R00117,0.0,0.0,0,0
R00128,0.0,0.0,0,0
R00137,0.0,0.0,0,0
R00140,0.0,0.0,0,0
R00142,0.0,0.0,0,0
R00159,0.0,0.0,0,0
R00160,0.0,0.0,0,0
R00161,0.0,0.0,0,0
R00173,0.0,0.0,0,0
R00175,0.0,0.0,0,0
R00182,0.0,0.0,0,0
R00194,-2.8523566722869873,1.5153887271881104,1,1
R00195,0.0,0.0,0,0
R00199,0.0,0.0,0,0
R00203,0.8208116888999939,0.37267494201660156,1,1
R00204,0.0,0.0,0,0
R00205,0.0,0.0,0,0
R00214,0.0,0.0,0,0
R00224,0.0,0.0,0,0
R00234,-1.9229875802993774,5.478314399719238,1,1
R00237,0.0,0.0,0,0
R00242,0.0,0.0,0,0
R00243,0.0,0.0,0,0
R00253,-3.3682663440704346,3.5138587951660156,1,1
R00259,0.0,0.0,0,0
R00260,0.0,0.0,0,0
R00263,0.0,0.0,0,0
R00276,0.0,0.0,0,0
R00288,0.0,0.0,0,0
R00294,0.0,0.0,0,0
R00317,0.0,0.0,0,0
R00318,3.1960387229919434,-1.8442797660827637,1,1
R00320,0.0,0.0,0,0
R00328,0.0,0.0,0,0
R00354,0.0,0.0,0,0
R00356,1.6551381349563599,-1.7260922193527222,1,1
R00361,0.0,0.0,0,0
R00362,0.0,0.0,0,0
R00364,0.0,0.0,0,0
R00365,0.0,0.0,0,0
R00377,0.0,0.0,0,0
R00391,0.0,0.0,0,0
R00394,0.0,0.0,0,0
R00395,0.0,0.0,0,0
R00402,0.0,0.0,0,0
R00403,-2.2175395488739014,-0.3809027671813965,1,1
R00418,0.0,0.0,0,0
R00449,1.3045986890792847,2.932971954345703,0,1
R00451,0.0,0.0,0,0
R00452,0.0,0.0,0,0
R00456,0.0,0.0,0,0
R00463,-3.116588592529297,2.150808095932007,0,1
R00472,0.0,0.0,0,0
R00480,1.1550861597061157,-1.105484962463379,1,1
R00512,0.0,0.0,0,0
R00513,0.0,0.0,0,0
R00520,0.0,0.0,0,0
R00522,0.0,0.0,0,0
R00523,0.0,0.0,0,0
R00525,0.0,0.0,0,0
R00531,0.0,0.0,0,0
R00532,0.0,0.0,0,0
R00534,0.0,0.0,0,0
R00564,0.0,0.0,0,0
R00571,0.0,0.0,0,0
R00572,0.0,0.0,0,0
R00582,0.0,0.0,0,0
R00590,0.0,0.0,0,0
R00592,0.0,0.0,0,0
R00595,-0.7653427720069885,0.1869530975818634,0,1
R00608,0.0,0.0,0,0
R00613,0.0,0.0,0,0
R00615,0.0,0.0,0,0
R00622,0.0,0.0,0,0
R00625,0.0,0.0,0,0
R00634,0.0,0.0,0,0
R00635,0.0,0.0,0,0
R00638,0.0,0.0,0,0
R00653,0.0,0.0,0,0
R00654,0.0,0.0,0,0
R00658,0.0,0.0,0,0
R00667,0.0,0.0,0,0
R00682,0.0,0.0,0,0
R00687,0.0,0.0,0,0
R00688,0.0,0.0,0,0
R00694,0.0,0.0,0,0
R00695,0.0,0.0,0,0
R00720,0.0,0.0,0,0
R00729,0.0,0.0,0,0
R00730,0.0,0.0,0,0
R00737,0.0,0.0,0,0
R00738,0.0,0.0,0,0
R00742,0.0,0.0,0,0
R00745,0.0,0.0,0,0
R00750,0.0,0.0,0,0
R00757,0.0,0.0,0,0
R00772,0.0,0.0,0,0
R00779,0.0,0.0,0,0
R00780,0.0,0.0,0,0
R00789,0.0,0.0,0,0
R00799,-3.427051067352295,2.854353666305542,1,1
R00818,0.0,0.0,0,0
R00834,-5.429877281188965,-0.41735225915908813,1,1
R00856,4.083626747131348,2.7790334224700928,1,1
R00865,0.0,0.0,0,0
R00880,0.0,0.0,0,0
R00902,0.0,0.0,0,0
R00908,0.0,0.0,0,0
R00917,0.0,0.0,0,0
R00926,0.0,0.0,0,0
R00928,0.0,0.0,0,0
R00932,0.0,0.0,0,0
R00941,0.0,0.0,0,0
R00947,0.0,0.0,0,0
R00948,0.0,0.0,0,0
R00949,0.0,0.0,0,0
R00956,0.0,0.0,0,0
R00958,0.0,0.0,0,0
R00968,0.0,0.0,0,0
R00977,0.0,0.0,0,0
R00981,-4.230045318603516,1.2432222366333008,0,1
R00984,0.0,0.0,0,0
R00988,0.0,0.0,0,0
R00998,0.0,0.0,0,0
R01011,0.0,0.0,0,0
R01019,0.0,0.0,0,0
R01032,0.0,0.0,0,0
R01043,0.0,0.0,0,0
R01046,0.0,0.0,0,0
R01051,0.0,0.0,0,0
R01057,0.0,0.0,0,0
R01059,0.0,0.0,0,0
R01061,0.0,0.0,0,0
R01086,0.0,0.0,0,0
R01091,0.0,0.0,0,0
R01093,0.0,0.0,0,0
R01100,0.0,0.0,0,0
R01104,0.0,0.0,0,0
R01111,0.0,0.0,0,0
R01113,0.0,0.0,0,0
R01114,0.0,0.0,0,0
R01119,0.0,0.0,0,0
R01136,0.0,0.0,0,0
R01152,0.0,0.0,0,0
R01153,0.0,0.0,0,0
R01160,0.0,0.0,0,0
R01166,0.0,0.0,0,0
R01169,0.0,0.0,0,0
R01170,0.0,0.0,0,0
R01175,-0.1743682622909546,-3.7907638549804688,0,1
R01184,0.0,0.0,0,0
R01188,0.0,0.0,0,0
R01197,0.08495591580867767,-1.348493218421936,1,1
R01203,0.0,0.0,0,0
R01223,0.0,0.0,0,0
R01228,0.0,0.0,0,0
R01231,0.0,0.0,0,0
R01240,0.0,0.0,0,0
R01247,0.0,0.0,0,0
R01255,2.3059637546539307,-0.3567894995212555,1,1
R01264,0.0,0.0,0,0
R01269,2.378533124923706,-2.1172609329223633,1,1
R01277,0.0,0.0,0,0
R01281,-0.845960795879364,1.3193628787994385,0,1
R01288,0.0,0.0,0,0
R01290,0.0,0.0,0,0
R01301,-5.504724979400635,3.2198598384857178,1,1
R01305,0.0,0.0,0,0
R01309,0.0,0.0,0,0
R01312,0.0,0.0,0,0
R01316,0.0,0.0,0,0
R01323,0.0,0.0,0,0
R01325,0.0,0.0,0,0
R01337,0.0,0.0,0,0
R01345,-3.0332720279693604,-2.3583078384399414,0,1
R01347,0.0,0.0,0,0
R01351,0.0,0.0,0,0
R01355,0.0,0.0,0,0
R01356,0.0,0.0,0,0
R01361,0.0,0.0,0,0
R01367,0.0,0.0,0,0
R01372,0.0,0.0,0,0
R01378,0.0,0.0,0,0
R01379,0.0,0.0,0,0
R01383,0.0,0.0,0,0
R01388,0.0,0.0,0,0
R01393,-1.4537687301635742,5.569643497467041,1,1
R01395,0.0,0.0,0,0
R01399,0.0,0.0,0,0
R01405,0.0,0.0,0,0
R01413,0.0,0.0,0,0
R01415,0.0,0.0,0,0
R01418,0.0,0.0,0,0
R01421,0.0,0.0,0,0
R01424,0.0,0.0,0,0
R01435,0.0,0.0,0,0
R01443,0.0,0.0,0,0
R01457,0.0,0.0,0,0
R01477,0.0,0.0,0,0
R01478,0.0,0.0,0,0
R01479,-0.1708236187696457,-5.383493423461914,1,1
R01483,0.0,0.0,0,0
R01496,0.0,0.0,0,0
R01507,0.0,0.0,0,0
R01508,0.0,0.0,0,0
R01509,0.0,0.0,0,0
R01513,0.0,0.0,0,0
R01520,0.9602639675140381,-2.6150240898132324,0,1
R01522,0.0,0.0,0,0
R01524,0.0,0.0,0,0
R01526,0.0,0.0,0,0
R01527,0.0,0.0,0,0
R01536,0.0,0.0,0,0
R01544,0.0,0.0,0,0
R01556,0.0,0.0,0,0
R01559,0.0,0.0,0,0
R01564,0.0,0.0,0,0
R01566,0.0,0.0,0,0
R01577,0.0,0.0,0,0
R01581,0.0,0.0,0,0
R01584,0.0,0.0,0,0
R01585,0.0,0.0,0,0
R01589,0.0,0.0,0,0
R01590,0.0,0.0,0,0
R01593,0.0,0.0,0,0
R01605,0.0,0.0,0,0
R01612,0.0,0.0,0,0
R01621,0.0,0.0,0,0
R01625,0.0,0.0,0,0
R01637,0.0,0.0,0,0
R01643,0.0,0.0,0,0
R01645,0.0,0.0,0,0
R01648,0.0,0.0,0,0
R01649,0.0,0.0,0,0
R01652,0.0,0.0,0,0
R01656,0.0,0.0,0,0
R01660,0.0,0.0,0,0
R01661,0.0,0.0,0,0
R01663,0.0,0.0,0,0
R01671,-0.9770038723945618,0.49718785285949707,1,1
R01679,0.0,0.0,0,0
R01683,0.0,0.0,0,0
R01688,0.0,0.0,0,0
R01689,0.0,0.0,0,0
R01691,0.0,0.0,0,0
R01696,0.0,0.0,0,0
R01711,0.0,0.0,0,0
R01714,0.0,0.0,0,0
R01715,0.0,0.0,0,0
R01716,0.0,0.0,0,0
R01725,0.0,0.0,0,0
R01737,0.0,0.0,0,0
R01744,0.0,0.0,0,0
R01745,0.0,0.0,0,0
R01762,0.0,0.0,0,0
R01772,0.0,0.0,0,0
R01775,0.0,0.0,0,0
R01786,0.0,0.0,0,0
R01799,0.0,0.0,0,0
R01802,0.0,0.0,0,0
R01808,0.0,0.0,0,0
R01810,0.0,0.0,0,0
R01811,0.0,0.0,0,0
R01818,0.0,0.0,0,0
R01820,0.0,0.0,0,0
R01821,0.0,0.0,0,0
R01824,0.0,0.0,0,0
R01828,0.0,0.0,0,0
R01829,0.0,0.0,0,0
R01833,0.0,0.0,0,0
R01834,0.0,0.0,0,0
R01845,0.0,0.0,0,0
R01853,0.0,0.0,0,0
R01860,0.0,0.0,0,0
R01871,1.6893662214279175,-0.2947099804878235,0,1
R01879,0.0,0.0,0,0
R01888,0.0,0.0,0,0
R01896,0.0,0.0,0,0
R01899,5.07631254196167,-1.2140209674835205,0,1
R01906,0.0,0.0,0,0
R01915,0.0,0.0,0,0
R01916,0.0,0.0,0,0
R01920,0.0,0.0,0,0
R01933,0.0,0.0,0,0
R01935,-3.659365177154541,3.8425819873809814,1,1
R01936,0.0,0.0,0,0
R01937,0.0,0.0,0,0
R01947,0.0,0.0,0,0
R01962,0.0,0.0,0,0
R01966,0.0,0.0,0,0
R01985,0.0,0.0,0,0
R01986,0.0,0.0,0,0
R01988,0.0,0.0,0,0
R01992,0.0,0.0,0,0
R01993,0.0,0.0,0,0
R01995,0.0,0.0,0,0
R02001,0.0,0.0,0,0
R02006,0.0,0.0,0,0
R02008,0.0,0.0,0,0
R02020,0.0,0.0,0,0
R02032,0.0,0.0,0,0
R02037,0.0,0.0,0,0
R02044,0.0,0.0,0,0
R02045,0.0,0.0,0,0
R02047,0.0,0.0,0,0
R02055,0.0,0.0,0,0
R02068,0.0,0.0,0,0
R02078,0.0,0.0,0,0
R02086,0.0,0.0,0,0
R02101,0.0,0.0,0,0
R02102,0.0,0.0,0,0
R02106,0.0,0.0,0,0
R02117,0.0,0.0,0,0
R02121,0.0,0.0,0,0
R02134,0.0,0.0,0,0
R02137,0.0,0.0,0,0
R02138,0.0,0.0,0,0
R02145,0.0,0.0,0,0
R02166,0.0,0.0,0,0
R02171,0.0,0.0,0,0
R02173,1.8093640804290771,5.3056135177612305,0,1
R02189,0.0,0.0,0,0
R02190,0.0,0.0,0,0
R02193,0.0,0.0,0,0
R02195,0.0,0.0,0,0
R02204,0.0,0.0,0,0
R02217,0.0,0.0,0,0
R02220,0.0,0.0,0,0
R02222,-3.7174947261810303,0.8591879606246948,1,1
R02227,0.0,0.0,0,0
R02229,0.0,0.0,0,0
R02237,0.0,0.0,0,0
R02245,0.0,0.0,0,0
R02250,0.0,0.0,0,0
R02253,0.0,0.0,0,0
R02274,0.0,0.0,0,0
R02287,0.0,0.0,0,0
R02289,0.0,0.0,0,0
R02296,-2.069521903991699,1.2419899702072144,0,1
R02300,0.0,0.0,0,0
R02314,0.0,0.0,0,0
R02331,0.0,0.0,0,0
R02345,-0.9265575408935547,0.6494129300117493,0,1
R02363,0.0,0.0,0,0
R02368,0.0,0.0,0,0
R02371,0.0,0.0,0,0
R02376,0.0,0.0,0,0
R02378,0.0,0.0,0,0
R02383,0.0,0.0,0,0
R02398,0.0,0.0,0,0
R02410,0.0,0.0,0,0
R02436,0.0,0.0,0,0
R02437,1.3706815242767334,-3.6041319370269775,1,1
R02440,0.0,0.0,0,0
R02446,0.0,0.0,0,0
R02447,0.0,0.0,0,0
R02449,0.0,0.0,0,0
R02454,0.0,0.0,0,0
R02455,1.5464284420013428,-2.205260753631592,0,1
R02461,0.0,0.0,0,0
R02476,0.0,0.0,0,0
R02479,0.14258627593517303,-4.697371482849121,0,1
R02480,0.0,0.0,0,0
R02482,0.0,0.0,0,0
R02495,0.0,0.0,0,0
R02502,0.0,0.0,0,0
R02507,-6.068038463592529,-1.9159715175628662,1,1
R02516,0.0,0.0,0,0
R02517,0.0,0.0,0,0
R02522,0.0,0.0,0,0
R02525,0.0,0.0,0,0
R02527,0.0,0.0,0,0
R02536,0.0,0.0,0,0
R02540,0.0,0.0,0,0
R02541,0.0,0.0,0,0
R02543,0.0,0.0,0,0
R02545,0.0,0.0,0,0
R02556,0.0,0.0,0,0
R02558,0.0,0.0,0,0
R02568,0.0,0.0,0,0
R02598,0.0,0.0,0,0
R02602,0.0,0.0,0,0
R02605,0.0,0.0,0,0
R02617,0.0,0.0,0,0
R02620,0.0,0.0,0,0
R02628,0.0,0.0,0,0
R02629,0.0,0.0,0,0
R02631,0.0,0.0,0,0
R02633,2.267625570297241,2.027928113937378,1,1
R02635,0.0,0.0,0,0
R02639,0.0,0.0,0,0
R02640,0.0,0.0,0,0
R02648,0.0,0.0,0,0
R02658,0.0,0.0,0,0
R02678,0.0,0.0,0,0
R02682,0.0,0.0,0,0
R02692,0.0,0.0,0,0
R02693,0.0,0.0,0,0
R02696,0.0,0.0,0,0
R02709,0.0,0.0,0,0
R02714,0.0,0.0,0,0
R02719,0.0,0.0,0,0
R02733,0.0,0.0,0,0
R02738,0.0,0.0,0,0
R02739,0.0,0.0,0,0
R02740,0.0,0.0,0,0
R02746,0.0,0.0,0,0
R02747,0.0,0.0,0,0
R02750,0.0,0.0,0,0
R02755,0.0,0.0,0,0
R02756,0.0,0.0,0,0
R02757,0.0,0.0,0,0
R02780,0.0,0.0,0,0
R02782,0.0,0.0,0,0
R02793,0.0,0.0,0,0
R02811,0.0,0.0,0,0
R02812,0.0,0.0,0,0
R02813,3.745729684829712,-2.551130771636963,1,1
R02817,0.0,0.0,0,0
R02818,0.0,0.0,0,0
R02827,0.0,0.0,0,0
R02828,0.0,0.0,0,0
R02830,0.0,0.0,0,0
R02833,0.0,0.0,0,0
R02834,0.0,0.0,0,0
R02835,0.0,0.0,0,0
R02848,0.0,0.0,0,0
R02849,0.0,0.0,0,0
R02852,0.0,0.0,0,0
R02856,-4.916627407073975,1.19124174118042,1,1
R02866,0.0,0.0,0,0
R02869,0.0,0.0,0,0
R02876,0.5126491189002991,1.7383743524551392,0,1
R02877,0.0,0.0,0,0
R02885,0.0,0.0,0,0
R02888,0.0,0.0,0,0
R02890,0.0,0.0,0,0
R02905,0.0,0.0,0,0
R02910,0.0,0.0,0,0
R02911,0.0,0.0,0,0
R02916,0.0,0.0,0,0
R02924,0.0,0.0,0,0
R02934,-2.2479255199432373,5.811502933502197,1,1
R02944,0.0,0.0,0,0
R02945,0.0,0.0,0,0
R02946,0.0,0.0,0,0
R02962,0.0,0.0,0,0
R02972,0.0,0.0,0,0
R02975,0.0,0.0,0,0
R02982,0.0,0.0,0,0
R02986,0.0,0.0,0,0
R02990,0.0,0.0,0,0
R03012,0.0,0.0,0,0
R03026,0.0,0.0,0,0
R03040,0.0,0.0,0,0
R03041,0.0,0.0,0,0
R03053,-1.3308755159378052,4.970517635345459,0,1
R03056,0.0,0.0,0,0
R03061,0.0,0.0,0,0
R03066,0.0,0.0,0,0
R03072,0.0,0.0,0,0
R03079,0.0,0.0,0,0
R03087,0.0,0.0,0,0
R03097,0.0,0.0,0,0
R03100,0.0,0.0,0,0
R03109,0.0,0.0,0,0
R03119,0.0,0.0,0,0
R03135,0.0,0.0,0,0
R03140,0.0,0.0,0,0
R03155,0.0,0.0,0,0
R03164,0.0,0.0,0,0
R03177,0.0,0.0,0,0
R03179,0.0,0.0,0,0
R03184,0.0,0.0,0,0
R03186,1.3265188932418823,-3.027196168899536,1,1
R03187,0.0,0.0,0,0
R03192,0.0,0.0,0,0
R03206,0.0,0.0,0,0
R03210,0.0,0.0,0,0
R03229,0.0,0.0,0,0
R03232,0.0,0.0,0,0
R03234,0.0,0.0,0,0
R03238,0.0,0.0,0,0
R03241,-2.5927834510803223,4.491079807281494,1,1
R03250,0.0,0.0,0,0
R03264,0.0,0.0,0,0
R03279,0.0,0.0,0,0
R03305,0.0,0.0,0,0
R03313,0.0,0.0,0,0
R03319,0.0,0.0,0,0
R03329,0.0,0.0,0,0
R03331,0.0,0.0,0,0
R03337,0.0,0.0,0,0
R03347,0.0,0.0,0,0
R03361,1.5916239023208618,-0.25175395607948303,0,1
R03365,0.0,0.0,0,0
R03380,0.0,0.0,0,0
R03387,0.0,0.0,0,0
R03388,-0.42672136425971985,-0.06659646332263947,1,1
R03393,0.0,0.0,0,0
R03400,0.0,0.0,0,0
R03413,0.0,0.0,0,0
R03418,0.0,0.0,0,0
R03424,0.0,0.0,0,0
R03432,0.0,0.0,0,0
R03433,0.0,0.0,0,0
R03447,0.0,0.0,0,0
R03451,0.0,0.0,0,0
R03457,0.0,0.0,0,0
R03459,0.0,0.0,0,0
R03461,1.8146727085113525,5.210537433624268,1,1
R03465,-6.461349964141846,-0.8841618895530701,1,1
R03482,0.0,0.0,0,0
R03494,0.0,0.0,0,0
R03495,0.0,0.0,0,0
R03503,0.0,0.0,0,0
R03515,-7.262963771820068,3.2073216438293457,0,1
R03524,-4.407023906707764,1.383872628211975,0,1
R03529,0.0,0.0,0,0
R03531,0.0,0.0,0,0
R03535,0.0,0.0,0,0
R03542,0.0,0.0,0,0
R03549,0.0,0.0,0,0
R03552,0.0,0.0,0,0
R03558,0.0,0.0,0,0
R03568,0.0,0.0,0,0
R03600,0.0,0.0,0,0
R03602,0.0,0.0,0,0
R03611,0.0,0.0,0,0
R03620,0.0,0.0,0,0
R03621,0.0,0.0,0,0
R03623,0.0,0.0,0,0
R03625,0.0,0.0,0,0
R03626,-4.910537242889404,2.5654077529907227,1,1
R03630,0.0,0.0,0,0
R03635,0.0,0.0,0,0
R03638,-4.434092998504639,-1.0867769718170166,0,1
R03652,0.0,0.0,0,0
R03656,0.0,0.0,0,0
R03661,0.0,0.0,0,0
R03672,0.0,0.0,0,0
R03674,0.0,0.0,0,0
R03677,0.0,0.0,0,0
R03679,0.0,0.0,0,0
R03683,0.0,0.0,0,0
R03692,0.0,0.0,0,0
R03700,0.0,0.0,0,0
R03702,-1.439980387687683,2.9215071201324463,0,1
R03716,0.0,0.0,0,0
R03729,0.0,0.0,0,0
R03740,0.0,0.0,0,0
R03762,-5.951757431030273,1.1838139295578003,1,1
R03763,0.0,0.0,0,0
R03767,0.0,0.0,0,0
R03769,0.0,0.0,0,0
R03781,0.0,0.0,0,0
R03782,4.27347469329834,-2.6346042156219482,1,1
R03785,0.0,0.0,0,0
R03792,0.0,0.0,0,0
R03805,0.0,0.0,0,0
R03816,0.0,0.0,0,0
R03821,0.0,0.0,0,0
R03828,0.0,0.0,0,0
R03841,0.0,0.0,0,0
R03844,0.0,0.0,0,0
R03848,2.4437618255615234,-2.6594865322113037,0,1
R03850,0.0,0.0,0,0
R03858,0.0,0.0,0,0
R03861,0.0,0.0,0,0
R03863,0.0,0.0,0,0
R03868,0.0,0.0,0,0
R03874,0.0,0.0,0,0
R03877,0.0,0.0,0,0
R03881,0.0,0.0,0,0
R03885,0.0,0.0,0,0
R03886,0.0,0.0,0,0
R03888,0.0,0.0,0,0
R03905,0.0,0.0,0,0
R03907,0.0,0.0,0,0
R03909,0.0,0.0,0,0
R03923,0.0,0.0,0,0
R03925,0.0,0.0,0,0
R03927,0.0,0.0,0,0
R03933,0.0,0.0,0,0
R03937,5.250180244445801,-2.882267475128174,0,1
R03950,0.26025867462158203,-0.7042564153671265,1,1
R03951,0.0,0.0,0,0
R03954,0.0,0.0,0,0
R03959,0.0,0.0,0,0
R03961,0.0,0.0,0,0
R03963,0.0,0.0,0,0
R03965,0.0,0.0,0,0
R03972,0.0,0.0,0,0
R03979,0.0,0.0,0,0
R04000,0.0,0.0,0,0
R04005,0.0,0.0,0,0
R04006,0.0,0.0,0,0
R04021,0.0,0.0,0,0
R04023,0.0,0.0,0,0
R04042,0.0,0.0,0,0
R04056,0.0,0.0,0,0
R04064,0.0,0.0,0,0
R04065,0.0,0.0,0,0
R04066,0.0,0.0,0,0
R04068,-4.7938456535339355,-2.575167655944824,1,1
R04084,0.0,0.0,0,0
R04086,0.0,0.0,0,0
R04106,0.0,0.0,0,0
R04113,0.0,0.0,0,0
R04119,0.0,0.0,0,0
R04122,0.0,0.0,0,0
R04125,0.0,0.0,0,0
R04127,0.0,0.0,0,0
R04128,0.0,0.0,0,0
R04133,0.0,0.0,0,0
R04138,0.0,0.0,0,0
R04139,0.0,0.0,0,0
R04157,0.0,0.0,0,0
R04161,0.0,0.0,0,0
R04163,0.0,0.0,0,0
R04178,-3.817301034927368,6.73785924911499,1,1
R04191,0.0,0.0,0,0
R04206,0.0,0.0,0,0
R04209,0.0,0.0,0,0
R04221,0.0,0.0,0,0
R04224,0.0,0.0,0,0
R04227,0.0,0.0,0,0
R04229,0.0,0.0,0,0
R04233,0.0,0.0,0,0
R04238,0.0,0.0,0,0
R04242,0.0,0.0,0,0
R04245,0.0,0.0,0,0
R04255,-0.5744881629943848,4.474122524261475,0,1
R04256,0.0,0.0,0,0
R04261,0.0,0.0,0,0
R04263,0.0,0.0,0,0
R04265,0.0,0.0,0,0
R04284,0.0,0.0,0,0
R04295,0.0,0.0,0,0
R04300,0.0,0.0,0,0
R04334,0.0,0.0,0,0
R04335,0.0,0.0,0,0
R04338,0.0,0.0,0,0
R04341,0.0,0.0,0,0
R04355,0.0,0.0,0,0
R04362,-2.535269021987915,-1.1225944757461548,1,1
R04369,-4.01782751083374,2.4913227558135986,0,1
R04387,0.0,0.0,0,0
R04392,0.0,0.0,0,0
R04398,0.0,0.0,0,0
R04405,0.0,0.0,0,0
R04415,0.0,0.0,0,0
R04416,0.0,0.0,0,0
R04424,0.0,0.0,0,0
R04435,0.0,0.0,0,0
R04454,0.0,0.0,0,0
R04455,0.0,0.0,0,0
R04456,0.0,0.0,0,0
R04462,0.0,0.0,0,0
R04466,0.0,0.0,0,0
R04469,0.0,0.0,0,0
R04472,0.0,0.0,0,0
R04475,-5.324867248535156,5.638147830963135,0,1
R04478,0.0,0.0,0,0
R04498,0.0,0.0,0,0
R04499,0.0,0.0,0,0
R04500,0.0,0.0,0,0
R04503,0.0,0.0,0,0
R04505,0.0,0.0,0,0
R04518,0.0,0.0,0,0
R04522,0.0,0.0,0,0
R04525,0.0,0.0,0,0
R04529,0.0,0.0,0,0
R04531,0.0,0.0,0,0
R04532,0.0,0.0,0,0
R04562,0.0,0.0,0,0
R04563,0.0,0.0,0,0
R04571,0.0,0.0,0,0
R04577,0.0,0.0,0,0
R04586,0.0,0.0,0,0
R04592,0.0,0.0,0,0
R04599,0.0,0.0,0,0
R04603,0.0,0.0,0,0
R04604,0.0,0.0,0,0
R04605,0.0,0.0,0,0
R04608,0.0,0.0,0,0
R04610,0.0,0.0,0,0
R04614,0.0,0.0,0,0
R04628,0.0,0.0,0,0
R04639,0.0,0.0,0,0
R04643,-4.058304309844971,-0.6682090759277344,0,1
R04644,0.0,0.0,0,0
R04652,0.0,0.0,0,0
R04655,0.0,0.0,0,0
R04656,0.0,0.0,0,0
R04664,0.0,0.0,0,0
R04670,0.0,0.0,0,0
R04684,0.0,0.0,0,0
R04713,-7.2402191162109375,1.2155424356460571,1,1
R04718,0.0,0.0,0,0
R04727,0.22242185473442078,-0.1918574869632721,0,1
R04732,0.0,0.0,0,0
R04737,0.0,0.0,0,0
R04741,0.0,0.0,0,0
R04750,0.0,0.0,0,0
R04753,0.0,0.0,0,0
R04792,0.0,0.0,0,0
R04799,0.0,0.0,0,0
R04816,0.0,0.0,0,0
R04817,0.0,0.0,0,0
R04842,0.0,0.0,0,0
R04844,0.0,0.0,0,0
R04848,0.0,0.0,0,0
R04852,0.0,0.0,0,0
R04854,0.0,0.0,0,0
R04861,0.0,0.0,0,0
R04864,0.0,0.0,0,0
R04867,0.0,0.0,0,0
R04869,0.0,0.0,0,0
R04870,0.0,0.0,0,0
R04873,0.0,0.0,0,0
R04884,0.0,0.0,0,0
R04886,0.0,0.0,0,0
R04887,0.0,0.0,0,0
R04914,0.0,0.0,0,0
R04915,0.0,0.0,0,0
R04933,0.0,0.0,0,0
R04940,0.0,0.0,0,0
R04945,-2.9108691215515137,3.449917793273926,1,1
R04950,1.4912738800048828,-4.74379825592041,0,1
R04954,0.0,0.0,0,0
R04968,0.0,0.0,0,0
R04978,2.5203261375427246,-3.0321037769317627,1,1
R04986,0.0,0.0,0,0
R04994,-5.527191162109375,2.035491466522217,1,1
R04996,0.0,0.0,0,0
R05006,0.0,0.0,0,0
R05008,-1.3111056089401245,-0.5762316584587097,0,1
R05011,0.0,0.0,0,0
R05012,0.0,0.0,0,0
R05017,0.0,0.0,0,0
R05018,0.0,0.0,0,0
R05029,0.0,0.0,0,0
R05039,-2.2390100955963135,4.4250946044921875,1,1
R05040,0.0,0.0,0,0
R05041,0.0,0.0,0,0
R05060,0.0,0.0,0,0
R05063,0.0,0.0,0,0
R05067,-2.7161262035369873,2.5242137908935547,1,1
R05073,0.0,0.0,0,0
R05079,0.0,0.0,0,0
R05085,0.0,0.0,0,0
R05094,0.0,0.0,0,0
R05095,0.0,0.0,0,0
R05098,0.0,0.0,0,0
R05106,0.0,0.0,0,0
R05114,0.0,0.0,0,0
R05120,0.0,0.0,0,0
R05131,0.0,0.0,0,0
R05139,0.0,0.0,0,0
R05140,0.0,0.0,0,0
R05155,0.0,0.0,0,0
R05158,0.0,0.0,0,0
R05163,1.0576348304748535,2.0440962314605713,1,1
R05169,0.0,0.0,0,0
R05177,0.0,0.0,0,0
R05182,-1.4530999660491943,1.763979196548462,0,1
R05183,0.0,0.0,0,0
R05200,0.0,0.0,0,0
R05202,0.0,0.0,0,0
R05203,0.0,0.0,0,0
R05206,0.0,0.0,0,0
R05207,0.0,0.0,0,0
R05210,0.0,0.0,0,0
R05214,0.0,0.0,0,0
R05218,0.0,0.0,0,0
R05220,0.0,0.0,0,0
R05225,0.0,0.0,0,0
R05228,1.1202501058578491,3.372014045715332,0,1
R05240,0.0,0.0,0,0
R05258,0.0,0.0,0,0
R05278,0.0,0.0,0,0
R05279,0.0,0.0,0,0
R05291,0.0,0.0,0,0
R05292,0.0,0.0,0,0
R05303,0.0,0.0,0,0
R05309,0.0,0.0,0,0
R05311,0.0,0.0,0,0
R05319,0.0,0.0,0,0
R05320,-1.6612038612365723,0.5168766975402832,1,1
R05321,0.0,0.0,0,0
R05328,0.0,0.0,0,0
R05334,0.0,0.0,0,0
R05335,2.0232276916503906,-0.1770348697900772,1,1
R05339,0.0,0.0,0,0
R05344,0.0,0.0,0,0
R05349,0.0,0.0,0,0
R05357,0.0,0.0,0,0
R05358,0.0,0.0,0,0
R05363,0.0,0.0,0,0
R05374,0.0,0.0,0,0
R05379,0.0,0.0,0,0
R05391,0.0,0.0,0,0
R05394,0.0,0.0,0,0
R05395,-0.16453316807746887,2.069591999053955,1,1
R05396,0.0,0.0,0,0
R05406,0.0,0.0,0,0
R05407,0.0,0.0,0,0
R05410,0.0,0.0,0,0
R05434,0.0,0.0,0,0
R05439,0.0,0.0,0,0
R05448,0.0,0.0,0,0
R05451,0.0,0.0,0,0
R05455,0.0,0.0,0,0
R05464,0.0,0.0,0,0
R05472,0.0,0.0,0,0
R05477,0.0,0.0,0,0
R05483,0.0,0.0,0,0
R05499,0.0,0.0,0,0
R05513,0.0,0.0,0,0
R05514,0.0,0.0,0,0
R05516,0.0,0.0,0,0
R05522,0.0,0.0,0,0
R05528,0.0,0.0,0,0
R05536,0.0,0.0,0,0
R05543,0.0,0.0,0,0
R05544,0.0,0.0,0,0
R05548,0.0,0.0,0,0
R05555,-0.445483922958374,-1.6544206142425537,0,1
R05556,0.0,0.0,0,0
R05568,0.0,0.0,0,0
R05576,0.0,0.0,0,0
R05607,0.0,0.0,0,0
R05608,4.708317756652832,0.8960185647010803,0,1
R05619,0.0,0.0,0,0
R05621,0.0,0.0,0,0
R05624,0.0,0.0,0,0
R05625,0.0,0.0,0,0
R05637,0.0,0.0,0,0
R05652,0.0,0.0,0,0
R05666,0.0,0.0,0,0
R05672,0.0,0.0,0,0
R05675,0.0,0.0,0,0
R05678,0.0,0.0,0,0
R05681,0.0,0.0,0,0
R05702,1.0828922986984253,-2.109046697616577,1,1
R05708,0.0,0.0,0,0
R05717,0.0,0.0,0,0
R05724,0.0,0.0,0,0
R05726,0.0,0.0,0,0
R05728,0.0,0.0,0,0
R05742,0.0,0.0,0,0
R05761,0.0,0.0,0,0
R05770,0.0,0.0,0,0
R05796,0.0,0.0,0,0
R05804,0.0,0.0,0,0
R05807,0.0,0.0,0,0
R05808,0.0,0.0,0,0
R05813,0.0,0.0,0,0
R05815,0.0,0.0,0,0
R05817,0.0,0.0,0,0
R05819,-5.416594982147217,3.4118919372558594,1,1
R05820,0.0,0.0,0,0
R05826,0.0,0.0,0,0
R05829,0.0,0.0,0,0
R05830,0.0,0.0,0,0
R05834,0.0,0.0,0,0
R05837,0.0,0.0,0,0
R05838,0.0,0.0,0,0
R05857,0.0,0.0,0,0
R05865,0.0,0.0,0,0
R05866,-3.2644312381744385,4.820334434509277,1,1
R05879,0.0,0.0,0,0
R05881,0.0,0.0,0,0
R05894,0.0,0.0,0,0
R05899,0.0,0.0,0,0
R05903,0.0,0.0,0,0
R05904,0.0,0.0,0,0
R05906,0.0,0.0,0,0
R05907,0.0,0.0,0,0
R05908,0.0,0.0,0,0
R05935,0.0,0.0,0,0
R05938,0.0,0.0,0,0
R05939,0.0,0.0,0,0
R05949,0.0,0.0,0,0
R05950,0.0,0.0,0,0
R05968,0.0,0.0,0,0
R05985,0.0,0.0,0,0
R05995,0.0,0.0,0,0
R06003,-1.5947257280349731,-3.089590311050415,0,1
R06004,0.0,0.0,0,0
R06028,0.0,0.0,0,0
R06048,0.0,0.0,0,0
R06085,0.0,0.0,0,0
R06089,0.0,0.0,0,0
R06090,0.0,0.0,0,0
R06094,0.0,0.0,0,0
R06106,0.0,0.0,0,0
R06112,0.0,0.0,0,0
R06114,0.0,0.0,0,0
R06115,0.0,0.0,0,0
R06118,-3.8238227367401123,0.4102168679237366,1,1
R06148,0.0,0.0,0,0
R06154,2.690397262573242,-3.9003570079803467,1,1
R06155,0.0,0.0,0,0
R06157,0.0,0.0,0,0
R06159,0.0,0.0,0,0
R06167,0.0,0.0,0,0
R06173,0.0,0.0,0,0
R06178,0.0,0.0,0,0
R06195,0.0,0.0,0,0
R06204,-2.4505624771118164,6.495963096618652,1,1
R06211,0.0,0.0,0,0
R06214,0.0,0.0,0,0
R06228,0.0,0.0,0,0
R06243,0.0,0.0,0,0
R06248,0.0,0.0,0,0
R06252,0.0,0.0,0,0
R06260,0.0,0.0,0,0
R06263,0.0,0.0,0,0
R06267,0.6306920647621155,1.6114521026611328,0,1
R06270,0.0,0.0,0,0
R06282,0.0,0.0,0,0
R06285,0.0,0.0,0,0
R06289,0.0,0.0,0,0
R06295,0.0,0.0,0,0
R06302,0.0,0.0,0,0
R06305,0.0,0.0,0,0
R06306,0.0,0.0,0,0
R06311,0.0,0.0,0,0
R06318,0.0,0.0,0,0
R06333,0.0,0.0,0,0
R06350,0.0,0.0,0,0
R06363,-3.9627857208251953,5.725395202636719,1,1
R06379,0.0,0.0,0,0
R06380,0.0,0.0,0,0
R06390,0.0,0.0,0,0
R06391,0.0,0.0,0,0
R06401,0.0,0.0,0,0
R06403,0.0,0.0,0,0
R06404,0.0,0.0,0,0
R06406,0.0,0.0,0,0
R06407,0.0,0.0,0,0
R06409,0.0,0.0,0,0
R06417,0.5786430239677429,-3.4380099773406982,1,1
R06419,0.0,0.0,0,0
R06421,0.0,0.0,0,0
R06431,0.0,0.0,0,0
R06432,0.0,0.0,0,0
R06441,0.0,0.0,0,0
R06442,0.0,0.0,0,0
R06449,0.0,0.0,0,0
R06450,0.0,0.0,0,0
R06451,0.0,0.0,0,0
R06455,2.0505731105804443,1.869968295097351,0,1
R06459,0.0,0.0,0,0
R06467,0.0,0.0,0,0
R06492,0.0,0.0,0,0
R06504,0.0,0.0,0,0
R06509,-1.088338017463684,-0.576810896396637,0,1
R06514,0.0,0.0,0,0
R06518,0.0,0.0,0,0
R06519,0.0,0.0,0,0
R06528,0.0,0.0,0,0
R06531,0.0,0.0,0,0
R06539,0.0,0.0,0,0
R06541,0.0,0.0,0,0
R06551,0.0,0.0,0,0
R06553,0.0,0.0,0,0
R06564,0.0,0.0,0,0
R06571,0.0,0.0,0,0
R06574,0.0,0.0,0,0
R06580,0.0,0.0,0,0
R06586,0.0,0.0,0,0
R06597,0.0,0.0,0,0
R06599,0.0,0.0,0,0
R06600,0.0,0.0,0,0
R06609,0.0,0.0,0,0
R06625,0.0,0.0,0,0
R06630,0.0,0.0,0,0
R06654,0.0,0.0,0,0
R06663,0.0,0.0,0,0
R06664,0.0,0.0,0,0
R06665,0.0,0.0,0,0
R06673,0.0,0.0,0,0
R06685,0.0,0.0,0,0
R06688,0.0,0.0,0,0
R06695,0.0,0.0,0,0
R06697,0.0,0.0,0,0
R06705,0.0,0.0,0,0
R06706,0.0,0.0,0,0
R06710,0.0,0.0,0,0
R06711,0.0,0.0,0,0
R06733,0.0,0.0,0,0
R06739,3.8936822414398193,-2.9307446479797363,1,1
R06750,0.0,0.0,0,0
R06760,0.0,0.0,0,0
R06762,2.9736316204071045,1.45521080493927,0,1
R06765,-4.831972122192383,-2.058732748031616,1,1
R06769,-0.8907961845397949,-2.3101589679718018,1,1
R06777,0.0,0.0,0,0
R06779,0.0,0.0,0,0
R06780,0.0,0.0,0,0
R06781,0.0,0.0,0,0
R06789,0.0,0.0,0,0
R06804,0.0,0.0,0,0
R06817,0.0,0.0,0,0
R06829,0.0,0.0,0,0
R06831,0.0,0.0,0,0
R06838,0.0,0.0,0,0
R06839,0.0,0.0,0,0
R06847,0.0,0.0,0,0
R06860,0.0,0.0,0,0
R06870,0.0,0.0,0,0
R06872,0.0,0.0,0,0
R06878,0.0,0.0,0,0
R06886,0.0,0.0,0,0
R06890,0.0,0.0,0,0
R06891,0.0,0.0,0,0
R06895,0.0,0.0,0,0
R06902,0.0,0.0,0,0
R06923,0.0,0.0,0,0
R06926,0.0,0.0,0,0
R06928,0.0,0.0,0,0
R06952,0.0,0.0,0,0
R06954,0.0,0.0,0,0
R06961,0.0,0.0,0,0
R06974,0.0,0.0,0,0
R06976,0.0,0.0,0,0
R06983,0.0,0.0,0,0
R06991,-2.4893083572387695,6.724210262298584,1,1
R06998,0.0,0.0,0,0
R07007,0.0,0.0,0,0
R07019,0.0,0.0,0,0
R07028,0.0,0.0,0,0
R07033,0.0,0.0,0,0
R07043,0.0,0.0,0,0
R07046,0.0,0.0,0,0
R07047,0.0,0.0,0,0
R07050,0.0,0.0,0,0
R07051,0.0,0.0,0,0
R07058,0.0,0.0,0,0
R07064,0.0,0.0,0,0
R07066,0.0,0.0,0,0
R07068,0.0,0.0,0,0
R07079,0.0,0.0,0,0
R07082,0.0,0.0,0,0
R07086,4.2778754234313965,-2.1833934783935547,0,1
R07089,-6.203507423400879,4.262428283691406,1,1
R07096,0.0,0.0,0,0
R07107,0.0,0.0,0,0
R07113,0.0,0.0,0,0
R07122,0.0,0.0,0,0
R07124,0.0,0.0,0,0
R07125,0.0,0.0,0,0
R07136,0.0,0.0,0,0
R07140,0.0,0.0,0,0
R07143,0.0,0.0,0,0
R07150,0.0,0.0,0,0
R07152,0.0,0.0,0,0
R07153,0.0,0.0,0,0
R07157,0.0,0.0,0,0
R07164,0.0,0.0,0,0
R07177,0.0,0.0,0,0
R07179,0.0,0.0,0,0
R07180,0.0,0.0,0,0
R07186,0.0,0.0,0,0
R07188,0.0,0.0,0,0
R07192,0.0,0.0,0,0
R07195,0.0,0.0,0,0
R07198,0.0,0.0,0,0
R07199,0.0,0.0,0,0
R07207,0.0,0.0,0,0
R07212,0.0,0.0,0,0
R07214,0.0,0.0,0,0
R07216,0.0,0.0,0,0
R07220,0.0,0.0,0,0
R07226,0.0,0.0,0,0
R07227,0.0,0.0,0,0
R07241,0.0,0.0,0,0
R07245,-4.5658392906188965,2.4299275875091553,0,1
R07248,5.325961112976074,-1.2453843355178833,0,1
R07261,0.0,0.0,0,0
R07262,2.6380715370178223,4.3799567222595215,0,1
R07273,-0.365158349275589,3.6762824058532715,1,1
R07275,0.0,0.0,0,0
R07285,-5.1533522605896,5.468150615692139,0,1
R07287,0.0,0.0,0,0
R07290,0.0,0.0,0,0
R07299,0.0,0.0,0,0
R07303,-6.6100687980651855,0.17405912280082703,0,1
R07309,0.0,0.0,0,0
R07311,0.0,0.0,0,0
R07322,0.0,0.0,0,0
R07345,0.0,0.0,0,0
R07354,0.0,0.0,0,0
R07359,0.0,0.0,0,0
R07363,0.0,0.0,0,0
R07367,0.0,0.0,0,0
R07374,0.0,0.0,0,0
R07384,0.0,0.0,0,0
R07397,0.0,0.0,0,0
R07400,0.0,0.0,0,0
R07419,0.0,0.0,0,0
R07423,-5.495486259460449,-0.08688949048519135,0,1
R07425,-1.4148133993148804,2.8854799270629883,1,1
R07429,0.0,0.0,0,0
R07430,0.0,0.0,0,0
R07438,0.0,0.0,0,0
R07439,0.0,0.0,0,0
R07446,0.0,0.0,0,0
R07480,0.0,0.0,0,0
R07486,0.0,0.0,0,0
R07493,3.821002721786499,-0.32413849234580994,1,1
R07494,0.0,0.0,0,0
R07499,0.0,0.0,0,0
R07502,0.0,0.0,0,0
R07515,0.0,0.0,0,0
R07519,0.0,0.0,0,0
R07535,0.0,0.0,0,0
R07540,0.0,0.0,0,0
R07545,0.0,0.0,0,0
R07546,0.0,0.0,0,0
R07555,0.0,0.0,0,0
R07556,0.0,0.0,0,0
R07572,0.0,0.0,0,0
R07575,0.0,0.0,0,0
R07592,0.0,0.0,0,0
R07603,0.0,0.0,0,0
R07608,3.318643093109131,1.4019427299499512,1,1
R07611,0.0,0.0,0,0
R07613,0.0,0.0,0,0
R07615,0.0,0.0,0,0
R07636,0.0,0.0,0,0
R07649,0.0,0.0,0,0
R07651,0.0,0.0,0,0
R07656,0.0,0.0,0,0
R07657,0.0,0.0,0,0
R07661,0.0,0.0,0,0
R07662,0.0,0.0,0,0
R07670,0.0,0.0,0,0
R07685,0.0,0.0,0,0
R07686,0.0,0.0,0,0
R07695,0.0,0.0,0,0
R07698,0.0,0.0,0,0
R07701,0.0,0.0,0,0
R07702,0.0,0.0,0,0
R07704,0.7289921045303345,6.1269450187683105,1,1
R07707,0.0,0.0,0,0
R07709,0.0,0.0,0,0
R07710,0.0,0.0,0,0
R07724,0.0,0.0,0,0
R07729,0.0,0.0,0,0
R07740,0.0,0.0,0,0
R07741,0.0,0.0,0,0
R07750,0.0,0.0,0,0
R07759,0.0,0.0,0,0
R07766,0.0,0.0,0,0
R07769,-5.459310531616211,3.6636834144592285,0,1
R07770,0.0,0.0,0,0
R07776,0.0,0.0,0,0
R07804,0.0,0.0,0,0
R07812,-0.1065172404050827,-4.6057538986206055,0,1
R07825,0.0,0.0,0,0
R07827,0.0,0.0,0,0
R07833,0.0,0.0,0,0
R07838,0.0,0.0,0,0
R07840,1.1799194812774658,-2.9688215255737305,1,1
R07842,0.0,0.0,0,0
R07844,0.0,0.0,0,0
R07847,0.0,0.0,0,0
R07856,3.456198215484619,0.4159555435180664,0,1
R07858,0.0,0.0,0,0
R07862,0.0,0.0,0,0
R07873,0.0,0.0,0,0
R07883,0.0,0.0,0,0
R07903,0.0,0.0,0,0
R07919,0.0,0.0,0,0
R07920,0.0,0.0,0,0
R07933,0.0,0.0,0,0
R07935,0.0,0.0,0,0
R07939,0.0,0.0,0,0
R07945,0.0,0.0,0,0
R07955,0.0,0.0,0,0
R07965,0.0,0.0,0,0
R07975,0.0,0.0,0,0
R07976,0.0,0.0,0,0
R07984,0.0,0.0,0,0
R08007,0.0,0.0,0,0
R08012,0.0,0.0,0,0
R08021,-5.949840545654297,3.2274956703186035,1,1
R08037,0.0,0.0,0,0
R08050,0.0,0.0,0,0
R08061,0.0,0.0,0,0
R08089,0.0,0.0,0,0
R08111,0.0,0.0,0,0
R08120,0.0,0.0,0,0
R08135,0.0,0.0,0,0
R08145,0.0,0.0,0,0
R08147,0.0,0.0,0,0
R08151,-6.932106018066406,2.948425769805908,0,1
R08153,0.0,0.0,0,0
R08160,0.0,0.0,0,0
R08173,0.0,0.0,0,0
R08174,0.0,0.0,0,0
R08181,0.0,0.0,0,0
R08182,0.0,0.0,0,0
R08187,0.0,0.0,0,0
R08188,0.0,0.0,0,0
R08194,0.0,0.0,0,0
R08200,0.0,0.0,0,0
R08202,0.0,0.0,0,0
R08203,4.408173561096191,3.017287015914917,0,1
R08208,0.0,0.0,0,0
R08212,0.0,0.0,0,0
R08215,0.0,0.0,0,0
R08225,0.0,0.0,0,0
R08230,0.0,0.0,0,0
R08237,0.0,0.0,0,0
R08239,0.0,0.0,0,0
R08241,0.0,0.0,0,0
R08247,0.7377989292144775,5.257040977478027,0,1
R08249,0.0,0.0,0,0
R08253,0.0,0.0,0,0
R08266,0.0,0.0,0,0
R08269,0.0,0.0,0,0
R08271,0.0,0.0,0,0
R08274,0.0,0.0,0,0
R08275,0.0,0.0,0,0
R08293,0.0,0.0,0,0
R08302,0.0,0.0,0,0
R08305,0.0,0.0,0,0
R08319,0.0,0.0,0,0
R08320,0.0,0.0,0,0
R08323,0.0,0.0,0,0
R08326,0.0,0.0,0,0
R08328,0.0,0.0,0,0
R08333,0.0,0.0,0,0
R08344,4.132647514343262,3.6957333087921143,1,1
R08349,0.0,0.0,0,0
R08354,0.0,0.0,0,0
R08357,0.0,0.0,0,0
R08372,0.0,0.0,0,0
R08386,0.0,0.0,0,0
R08387,0.0,0.0,0,0
R08396,0.0,0.0,0,0
R08400,0.0,0.0,0,0
R08404,0.0,0.0,0,0
R08406,0.0,0.0,0,0
R08413,-5.06423807144165,-0.5383774042129517,0,1
R08423,0.0,0.0,0,0
R08430,0.0,0.0,0,0
R08432,0.0,0.0,0,0
R08439,0.0,0.0,0,0
R08446,0.0,0.0,0,0
R08449,0.0,0.0,0,0
R08458,0.0,0.0,0,0
R08459,0.0,0.0,0,0
R08462,0.0,0.0,0,0
R08464,0.0,0.0,0,0
R08470,0.0,0.0,0,0
R08472,0.0,0.0,0,0
R08477,0.0,0.0,0,0
R08478,0.0,0.0,0,0
R08482,0.0,0.0,0,0
R08486,0.0,0.0,0,0
R08496,0.0,0.0,0,0
R08497,0.0,0.0,0,0
R08499,0.0,0.0,0,0
R08505,0.0,0.0,0,0
R08506,0.0,0.0,0,0
R08520,0.0,0.0,0,0
R08525,0.0,0.0,0,0
R08539,-6.921599864959717,4.670195579528809,1,1
R08542,0.0,0.0,0,0
R08544,0.0,0.0,0,0
R08551,0.0,0.0,0,0
R08553,0.0,0.0,0,0
R08557,0.0,0.0,0,0
R08563,0.0,0.0,0,0
R08577,0.0,0.0,0,0
R08582,0.0,0.0,0,0
R08586,0.0,0.0,0,0
R08593,0.0,0.0,0,0
R08612,-2.8214938640594482,-1.1927019357681274,0,1
R08613,0.0,0.0,0,0
R08614,0.0,0.0,0,0
R08627,0.0,0.0,0,0
R08635,0.0,0.0,0,0
R08636,0.0,0.0,0,0
R08642,0.0,0.0,0,0
R08643,-4.655508995056152,4.800352573394775,0,1
R08676,0.0,0.0,0,0
R08684,0.0,0.0,0,0
R08692,0.0,0.0,0,0
R08693,-4.787123680114746,-1.6901376247406006,1,1
R08701,0.0,0.0,0,0
R08719,0.0,0.0,0,0
R08724,0.0,0.0,0,0
R08725,0.0,0.0,0,0
R08740,0.0,0.0,0,0
R08745,-5.5851616859436035,-0.9019129872322083,1,1
R08750,0.0,0.0,0,0
R08754,0.0,0.0,0,0
R08764,0.0,0.0,0,0
R08773,0.0,0.0,0,0
R08777,1.5538607835769653,0.664227306842804,0,1
R08779,0.0,0.0,0,0
R08781,0.0,0.0,0,0
R08787,0.0,0.0,0,0
R08791,0.0,0.0,0,0
R08797,0.0,0.0,0,0
R08810,0.0,0.0,0,0
R08812,0.0,0.0,0,0
R08823,0.0,0.0,0,0
R08827,0.0,0.0,0,0
R08833,0.0,0.0,0,0
R08845,0.0,0.0,0,0
R08854,0.0,0.0,0,0
R08858,0.0,0.0,0,0
R08861,0.0,0.0,0,0
R08879,0.0,0.0,0,0
R08884,0.0,0.0,0,0
R08891,0.0,0.0,0,0
R08898,0.6898059844970703,1.062203049659729,1,1
R08900,-3.1317121982574463,1.433337926864624,1,1
R08902,0.40035685896873474,2.742882013320923,1,1
R08904,0.0,0.0,0,0
R08912,0.0,0.0,0,0
R08915,0.0,0.0,0,0
R08919,0.0,0.0,0,0
R08922,-0.46478381752967834,2.8898580074310303,1,1
R08924,0.0,0.0,0,0
R08930,-4.424346923828125,3.813316822052002,1,1
R08943,0.0,0.0,0,0
R08953,0.0,0.0,0,0
R08956,-0.3823879361152649,0.5732982158660889,1,1
R08977,0.0,0.0,0,0
R08982,0.0,0.0,0,0
R08988,0.0,0.0,0,0
R08993,0.0,0.0,0,0
R08994,0.0,0.0,0,0
R08999,0.0,0.0,0,0
R09004,0.0,0.0,0,0
R09006,0.0,0.0,0,0
R09037,0.0,0.0,0,0
R09038,0.0,0.0,0,0
R09039,0.0,0.0,0,0
R09051,0.0,0.0,0,0
R09054,0.0,0.0,0,0
R09056,0.0,0.0,0,0
R09059,0.0,0.0,0,0
R09062,0.0,0.0,0,0
R09065,0.0,0.0,0,0
R09068,0.0,0.0,0,0
R09088,0.0,0.0,0,0
R09090,0.0,0.0,0,0
R09097,0.0,0.0,0,0
R09109,0.0,0.0,0,0
R09110,0.0,0.0,0,0
R09113,0.0,0.0,0,0
R09121,0.0,0.0,0,0
R09129,0.0,0.0,0,0
R09133,0.0,0.0,0,0
R09143,0.0,0.0,0,0
R09144,0.0,0.0,0,0
R09152,0.0,0.0,0,0
R09188,0.6938195824623108,2.855147361755371,1,1
R09199,0.0,0.0,0,0
R09212,0.0,0.0,0,0
R09223,0.0,0.0,0,0
R09227,0.0,0.0,0,0
R09230,0.0,0.0,0,0
R09241,0.0,0.0,0,0
R09242,0.0,0.0,0,0
R09249,0.0,0.0,0,0
R09259,0.0,0.0,0,0
R09264,0.0,0.0,0,0
R09266,0.0,0.0,0,0
R09280,0.0,0.0,0,0
R09288,-2.307145118713379,3.6508936882019043,1,1
R09289,1.3585652112960815,5.645315170288086,1,1
R09292,0.0,0.0,0,0
R09308,-6.29727840423584,0.3839113712310791,1,1
R09320,0.0,0.0,0,0
R09331,0.0,0.0,0,0
R09336,0.0,0.0,0,0
R09339,0.0,0.0,0,0
R09340,0.0,0.0,0,0
R09352,0.0,0.0,0,0
R09356,0.0,0.0,0,0
R09357,0.0,0.0,0,0
R09371,0.0,0.0,0,0
R09378,0.0,0.0,0,0
R09386,0.0,0.0,0,0
R09392,0.0,0.0,0,0
R09400,2.7226004600524902,2.7945005893707275,1,1
R09402,0.0,0.0,0,0
R09412,0.0,0.0,0,0
R09414,0.0,0.0,0,0
R09416,-1.5054640769958496,-3.2795238494873047,0,1
R09431,0.41303205490112305,1.1919360160827637,1,1
R09435,0.0,0.0,0,0
R09438,0.0,0.0,0,0
R09447,0.0,0.0,0,0
R09453,0.0,0.0,0,0
R09457,0.0,0.0,0,0
R09460,-0.0659957230091095,-2.1906094551086426,0,1
R09466,3.1187262535095215,-1.5690922737121582,0,1
R09468,0.0,0.0,0,0
R09484,0.0,0.0,0,0
R09492,0.0,0.0,0,0
R09495,0.0,0.0,0,0
R09496,0.0,0.0,0,0
R09501,0.0,0.0,0,0
R09505,0.0,0.0,0,0
R09515,0.0,0.0,0,0
R09521,0.0,0.0,0,0
R09535,0.0,0.0,0,0
R09545,0.0,0.0,0,0
R09549,0.0,0.0,0,0
R09551,0.0,0.0,0,0
R09557,0.0,0.0,0,0
R09561,0.0,0.0,0,0
R09563,0.0,0.0,0,0
R09568,-3.9708845615386963,3.4936530590057373,0,1
R09574,0.0,0.0,0,0
R09578,2.535836696624756,2.4686601161956787,1,1
R09588,0.0,0.0,0,0
R09599,3.606433153152466,0.09628253430128098,0,1
R09602,-2.06272292137146,2.4020724296569824,0,1
R09612,0.0,0.0,0,0
R09619,0.0,0.0,0,0
R09627,0.0,0.0,0,0
R09651,0.0,0.0,0,0
R09663,0.0,0.0,0,0
R09673,0.0,0.0,0,0
R09686,0.0,0.0,0,0
R09688,0.0,0.0,0,0
R09698,0.0,0.0,0,0
R09699,0.0,0.0,0,0
R09714,0.0,0.0,0,0
R09721,0.0,0.0,0,0
R09737,0.0,0.0,0,0
R09739,0.0,0.0,0,0
R09745,0.0,0.0,0,0
R09749,0.0,0.0,0,0
R09757,0.0,0.0,0,0
R09774,0.0,0.0,0,0
R09775,0.0,0.0,0,0
R09780,0.0,0.0,0,0
R09785,0.0,0.0,0,0
R09797,0.0,0.0,0,0
R09800,0.0,0.0,0,0
R09801,0.0,0.0,0,0
R09805,0.0,0.0,0,0
R09810,-1.860498070716858,1.106507420539856,1,1
R09814,0.0,0.0,0,0
R09819,0.0,0.0,0,0
