record_id,y_score,y_pred,threshold
R00000,0.11077032998641462,0,0.429
R00006,0.26512772476271323,0,0.429
R00007,0.4138574333863696,0,0.429
R00021,0.08122539335444104,0,0.429
R00029,0.17956347467230263,0,0.429
R00053,0.2702060195208557,0,0.429
R00063,0.2513996348187764,0,0.429
R00075,0.28622914764425206,0,0.429
R00079,0.4192216257948386,0,0.429
R00083,0.07636366068266218,0,0.429
R00091,0.4035098726271021,0,0.429
R00096,0.1402554924716133,0,0.429
R00097,0.41815058109417613,0,0.429
R00116,0.36084829220267306,0,0.429
R00117,0.3426818763046634,0,0.429
R00128,0.17058809907743192,0,0.429
R00137,0.42414808383482727,0,0.429
R00140,0.44486367569547347,1,0.429
R00142,0.36670342047055415,0,0.429
R00159,0.29294065039474987,0,0.429
R00160,0.03882884839498862,0,0.429
R00161,0.3031893559103022,0,0.429
R00173,0.2851067232896,0,0.429
R00175,0.08748698712059133,0,0.429
R00182,0.2958141047407119,0,0.429
R00194,0.2748368481909405,0,0.429
R00195,0.24178430773818713,0,0.429
R00199,0.2900650128432327,0,0.429
R00203,0.59683782644587,1,0.429
R00204,0.257640332332185,0,0.429
R00205,0.35277639594906707,0,0.429
R00214,0.041918180331800683,0,0.429
R00224,0.0660063070971022,0,0.429
R00234,0.5706755564562936,1,0.429
R00237,0.21730529989740272,0,0.429
R00242,0.30300304460815525,0,0.429
R00243,0.1550694193569782,0,0.429
R00253,0.6360000864506203,1,0.429
R00259,0.4014343055212243,0,0.429
R00260,0.1346026459168534,0,0.429
R00263,0.36253439207495486,0,0.429
R00276,0.06266507388897931,0,0.429
R00288,0.3847635257560723,0,0.429
R00294,0.37183901492056737,0,0.429
R00317,0.31450716621689834,0,0.429
R00318,0.9194858986138703,1,0.429
R00320,0.09977878443223001,0,0.429
R00328,0.42714182823222374,0,0.429
R00354,0.3751978790675986,0,0.429
R00356,0.5819104669076419,1,0.429
R00361,0.17455575229514245,0,0.429
R00362,0.06787177664753777,0,0.429
R00364,0.37926187561937286,0,0.429
R00365,0.34862647975376293,0,0.429
R00377,0.23139602395407782,0,0.429
R00391,0.07184643033479965,0,0.429
R00394,0.045713210315217245,0,0.429
R00395,0.254795713298402,0,0.429
R00402,0.4234233584271914,0,0.429
R00403,0.667558272055454,1,0.429
R00418,0.4136016976479447,0,0.429
R00449,0.2965565114787043,0,0.429
R00451,0.2238062229716907,0,0.429
R00452,0.4048877373529027,0,0.429
R00456,0.15902574854107576,0,0.429
R00463,0.1618488346265055,0,0.429
R00472,0.41674334788764283,0,0.429
R00480,0.23180971858761062,0,0.429
R00512,0.4055977377597033,0,0.429
R00513,0.4008947536697833,0,0.429
R00520,0.2685262278508092,0,0.429
R00522,0.049058783876371206,0,0.429
R00523,0.19337972002705647,0,0.429
R00525,0.19368221987618697,0,0.429
R00531,0.26643827079888116,0,0.429
R00532,0.14741793138808307,0,0.429
R00534,0.4064063715361533,0,0.429
R00564,0.13627974204861085,0,0.429
R00571,0.16539663769035365,0,0.429
R00572,0.29546533059090896,0,0.429
R00582,0.2822722819646453,0,0.429
R00590,0.3572319081419301,0,0.429
R00592,0.2998684927093933,0,0.429
R00595,0.2980839981965839,0,0.429
R00608,0.12567238869190325,0,0.429
R00613,0.06656075194919661,0,0.429
R00615,0.37735207864700765,0,0.429
R00622,0.077561395730712,0,0.429
R00625,0.35814661477008763,0,0.429
R00634,0.03816580479104753,0,0.429
R00635,0.6961330141510742,1,0.429
R00638,0.34742392235464425,0,0.429
R00653,0.40685766232731474,0,0.429
R00654,0.04482954506910991,0,0.429
R00658,0.1807607140825409,0,0.429
R00667,0.17361500112758588,0,0.429
R00682,0.3652138986545004,0,0.429
R00687,0.33258604479499426,0,0.429
R00688,0.37825007672748806,0,0.429
R00694,0.06565782436709601,0,0.429
R00695,0.1487496457314362,0,0.429
R00720,0.33655751239187104,0,0.429
R00729,0.3418142532047644,0,0.429
R00730,0.10301925880967952,0,0.429
R00737,0.05289012726199815,0,0.429
R00738,0.08029189485596344,0,0.429
R00742,0.08765596666454151,0,0.429
R00745,0.3015040763280764,0,0.429
R00750,0.2988876584484612,0,0.429
R00757,0.1675544048847301,0,0.429
R00772,0.4211220020799328,0,0.429
R00779,0.3838878115330284,0,0.429
R00780,0.35308843937675605,0,0.429
R00789,0.33131098243811224,0,0.429
R00799,0.7616927673737514,1,0.429
R00818,0.29079153592826296,0,0.429
R00834,0.305610457516147,0,0.429
R00856,0.31770747639932273,0,0.429
R00865,0.41524249753261966,0,0.429
R00880,0.4267011373791406,0,0.429
R00902,0.18237958302947907,0,0.429
R00908,0.03545266907965798,0,0.429
R00917,0.11789667682606164,0,0.429
R00926,0.40896174985435807,0,0.429
R00928,0.049713213845409616,0,0.429
R00932,0.34146948797283655,0,0.429
R00941,0.10113361088019673,0,0.429
R00947,0.10704067823790506,0,0.429
R00948,0.21021453092061235,0,0.429
R00949,0.11978847096032919,0,0.429
R00956,0.037630194038470274,0,0.429
R00958,0.14831070253221199,0,0.429
R00968,0.41576207274303545,0,0.429
R00977,0.23021167723808109,0,0.429
R00981,0.37655377359098247,0,0.429
R00984,0.33051982544991787,0,0.429
R00988,0.035080182826240244,0,0.429
R00998,0.35873642637192427,0,0.429
R01011,0.3165214979517203,0,0.429
R01019,0.2717519339991131,0,0.429
R01032,0.3739737223433484,0,0.429
R01043,0.35214001845767506,0,0.429
R01046,0.10549494070848911,0,0.429
R01051,0.28566419396859255,0,0.429
R01057,0.28191610690253305,0,0.429
R01059,0.10510937064529483,0,0.429
R01061,0.1300017846879329,0,0.429
R01086,0.2362931279847671,0,0.429
R01091,0.19854910114731397,0,0.429
R01093,0.3511588865854445,0,0.429
R01100,0.30403938621510895,0,0.429
R01104,0.3124898481301557,0,0.429
R01111,0.19066494126299666,0,0.429
R01113,0.10379625864970024,0,0.429
R01114,0.3947252513614014,0,0.429
R01119,0.31620752759156096,0,0.429
R01136,0.1699343577527685,0,0.429
R01152,0.39264954340992364,0,0.429
R01153,0.029179842734908718,0,0.429
R01160,0.21077186431957307,0,0.429
R01166,0.20705907308003457,0,0.429
R01169,0.14667592367336277,0,0.429
R01170,0.11823754779507345,0,0.429
R01175,0.4226778089885867,0,0.429
R01184,0.16066947036052173,0,0.429
R01188,0.25652169410896564,0,0.429
R01197,0.39172693126387265,0,0.429
R01203,0.4030024129796186,0,0.429
R01223,0.2675467740444228,0,0.429
R01228,0.23687964141924803,0,0.429
R01231,0.4104062578903332,0,0.429
R01240,0.402288856883254,0,0.429
R01247,0.17518840104110503,0,0.429
R01255,0.4082431949576111,0,0.429
R01264,0.2616043432147244,0,0.429
R01269,0.4926488218681705,1,0.429
R01277,0.30806138593672105,0,0.429
R01281,0.42294580344258675,0,0.429
R01288,0.11947258461953814,0,0.429
R01290,0.2698423603450995,0,0.429
R01301,0.4822122729081798,1,0.429
R01305,0.3073859466601536,0,0.429
R01309,0.26371488320080133,0,0.429
R01312,0.2073351924959546,0,0.429
R01316,0.39649280656190095,0,0.429
R01323,0.19443135116677246,0,0.429
R01325,0.24313285842246157,0,0.429
R01337,0.24200966275624072,0,0.429
R01345,0.2629697223481963,0,0.429
R01347,0.3317629105792573,0,0.429
R01351,0.27937728732309924,0,0.429
R01355,0.28722000953580445,0,0.429
R01356,0.09300046770164855,0,0.429
R01361,0.13366827960898103,0,0.429
R01367,0.19481574066687682,0,0.429
R01372,0.2384320337400319,0,0.429
R01378,0.20237465092151338,0,0.429
R01379,0.33361371956427077,0,0.429
R01383,0.31515687609867477,0,0.429
R01388,0.29369514714760425,0,0.429
R01393,0.9776372538466995,1,0.429
R01395,0.02806970273126626,0,0.429
R01399,0.390516581017431,0,0.429
R01405,0.306230849524553,0,0.429
R01413,0.37608452788904995,0,0.429
R01415,0.9606874137617429,1,0.429
R01418,0.3874252670860996,0,0.429
R01421,0.040392176629130735,0,0.429
R01424,0.36502466068253103,0,0.429
R01435,0.32858195522376166,0,0.429
R01443,0.3020118048073097,0,0.429
R01457,0.3819190602895627,0,0.429
R01477,0.3494619677304665,0,0.429
R01478,0.13244291772559746,0,0.429
R01479,0.9403678550426564,1,0.429
R01483,0.05739678492423803,0,0.429
R01496,0.15997890547596774,0,0.429
R01507,0.20506145308661844,0,0.429
R01508,0.047149230494613455,0,0.429
R01509,0.06395125582895099,0,0.429
R01513,0.08661003997660802,0,0.429
R01520,0.03909031038711536,0,0.429
R01522,0.4257622242899765,0,0.429
R01524,0.3499079098865611,0,0.429
R01526,0.3169225440779023,0,0.429
R01527,0.25399441901084374,0,0.429
R01536,0.03119060472700477,0,0.429
R01544,0.06521029398077569,0,0.429
R01556,0.3436485997315786,0,0.429
R01559,0.17425219136786008,0,0.429
R01564,0.2467167962238406,0,0.429
R01566,0.29113512904221245,0,0.429
R01577,0.189204166289029,0,0.429
R01581,0.1888153260327367,0,0.429
R01584,0.048214068435686354,0,0.429
R01585,0.020983569420442043,0,0.429
R01589,0.3937637388392261,0,0.429
R01590,0.10625289852590689,0,0.429
R01593,0.3071221758019506,0,0.429
R01605,0.04763970611225252,0,0.429
R01612,0.35447340991979304,0,0.429
R01621,0.34516912050536896,0,0.429
R01625,0.11259572940642781,0,0.429
R01637,0.2516484019265081,0,0.429
R01643,0.25979145921452923,0,0.429
R01645,0.3862468633094832,0,0.429
R01648,0.341216929811854,0,0.429
R01649,0.41953472221026056,0,0.429
R01652,0.11409017077102848,0,0.429
R01656,0.2874512419648262,0,0.429
R01660,0.36378982959196593,0,0.429
R01661,0.32560641732446594,0,0.429
R01663,0.19772970587937552,0,0.429
R01671,0.39453806866592184,0,0.429
R01679,0.055973531991728116,0,0.429
R01683,0.2898227487342433,0,0.429
R01688,0.28826489903370484,0,0.429
R01689,0.01873513634119661,0,0.429
R01691,0.06941811810491241,0,0.429
R01696,0.15635502091103692,0,0.429
R01711,0.22827170318126147,0,0.429
R01714,0.27588972477128004,0,0.429
R01715,0.3138992993572697,0,0.429
R01716,0.1974000485249434,0,0.429
R01725,0.33007633788846896,0,0.429
R01737,0.39804405732352427,0,0.429
R01744,0.35093449605159943,0,0.429
R01745,0.29168393633222384,0,0.429
R01762,0.32832093510240606,0,0.429
R01772,0.2179010915864901,0,0.429
R01775,0.17295504487231012,0,0.429
R01786,0.38404633201215255,0,0.429
R01799,0.11193382207657135,0,0.429
R01802,0.2373928214283618,0,0.429
R01808,0.3134618689415872,0,0.429
R01810,0.2542913432077539,0,0.429
R01811,0.31119237940626754,0,0.429
R01818,0.30786806764875857,0,0.429
R01820,0.3952680437717929,0,0.429
R01821,0.3238129742051679,0,0.429
R01824,0.3126498171980092,0,0.429
R01828,0.2814718481608597,0,0.429
R01829,0.09188575333107471,0,0.429
R01833,0.2327558793534541,0,0.429
R01834,0.34641808104408767,0,0.429
R01845,0.13429890044805728,0,0.429
R01853,0.392450407166834,0,0.429
R01860,0.13047640866301488,0,0.429
R01871,0.20386844705932514,0,0.429
R01879,0.1319917030294391,0,0.429
R01888,0.09237000513925087,0,0.429
R01896,0.12021042250308078,0,0.429
R01899,0.2741464287261642,0,0.429
R01906,0.10257837008843862,0,0.429
R01915,0.2348879039484034,0,0.429
R01916,0.04140201444187447,0,0.429
R01920,0.13078655903258601,0,0.429
R01933,0.0710711205525208,0,0.429
R01935,0.8509545457435562,1,0.429
R01936,0.381114530975578,0,0.429
R01937,0.15873067836207103,0,0.429
R01947,0.36568993966594404,0,0.429
R01962,0.2645443637054077,0,0.429
R01966,0.07033012274512282,0,0.429
R01985,0.23248937529577166,0,0.429
R01986,0.2832787546591601,0,0.429
R01988,0.3447136322508276,0,0.429
R01992,0.2837598268815855,0,0.429
R01993,0.318564767046087,0,0.429
R01995,0.3483640552483724,0,0.429
R02001,0.2585898665819426,0,0.429
R02006,0.39957759606904086,0,0.429
R02008,0.33859379233739767,0,0.429
R02020,0.3439410161783546,0,0.429
R02032,0.15027772967721165,0,0.429
R02037,0.2285971936529348,0,0.429
R02044,0.28856739184186103,0,0.429
R02045,0.2434925156754828,0,0.429
R02047,0.31008465271062324,0,0.429
R02055,0.20783683914861636,0,0.429
R02068,0.3516554934718855,0,0.429
R02078,0.33302457811940767,0,0.429
R02086,0.2807020012331593,0,0.429
R02101,0.33230564090611453,0,0.429
R02102,0.08283919428583744,0,0.429
R02106,0.26314563123690765,0,0.429
R02117,0.0957269765354185,0,0.429
R02121,0.7350322311518813,1,0.429
R02134,0.11289873480761711,0,0.429
R02137,0.07517207562185432,0,0.429
R02138,0.9838955444927755,1,0.429
R02145,0.21244533025402634,0,0.429
R02166,0.2194613698284303,0,0.429
R02171,0.4028927566279828,0,0.429
R02173,0.31287873134162103,0,0.429
R02189,0.20177686206175316,0,0.429
R02190,0.15786438522150906,0,0.429
R02193,0.1505878982645677,0,0.429
R02195,0.08541526795490437,0,0.429
R02204,0.20351214881538696,0,0.429
R02217,0.4128678406581617,0,0.429
R02220,0.16253297797234395,0,0.429
R02222,0.5612240506174591,1,0.429
R02227,0.209637756735769,0,0.429
R02229,0.37211346990672645,0,0.429
R02237,0.3058299874016782,0,0.429
R02245,0.17138050803791874,0,0.429
R02250,0.113685918766978,0,0.429
R02253,0.35972315305861746,0,0.429
R02274,0.29940891579749424,0,0.429
R02287,0.2791105966231096,0,0.429
R02289,0.3741563659391837,0,0.429
R02296,0.29702243237873993,0,0.429
R02300,0.2472708877082289,0,0.429
R02314,0.1493910472716161,0,0.429
R02331,0.4098355321283058,0,0.429
R02345,0.28531377958273546,0,0.429
R02363,0.2939771969174292,0,0.429
R02368,0.05864393006368188,0,0.429
R02371,0.2867533354465312,0,0.429
R02376,0.3147727527923285,0,0.429
R02378,0.07315064629757476,0,0.429
R02383,0.38356203215913065,0,0.429
R02398,0.3182013454282621,0,0.429
R02410,0.14376236517950972,0,0.429
R02436,0.08436218506633672,0,0.429
R02437,0.7064453234234997,1,0.429
R02440,0.19595911639633953,0,0.429
R02446,0.2379478633943625,0,0.429
R02447,0.11615140754485342,0,0.429
R02449,0.24866242427551574,0,0.429
R02454,0.3363336376090174,0,0.429
R02455,0.3235116062778562,0,0.429
R02461,0.11534508108859257,0,0.429
R02476,0.32950494904309513,0,0.429
R02479,0.8384570619559197,1,0.429
R02480,0.01568037644569482,0,0.429
R02482,0.18972423230112703,0,0.429
R02495,0.2682749356999232,0,0.429
R02502,0.1327601790319505,0,0.429
R02507,0.4206005217225006,0,0.429
R02516,0.09535856764710429,0,0.429
R02517,0.22260110785113943,0,0.429
R02522,0.24401834494079078,0,0.429
R02525,0.1848207536553725,0,0.429
R02527,0.3115901921504256,0,0.429
R02536,0.3104209541197531,0,0.429
R02540,0.3969334802939294,0,0.429
R02541,0.25462947967320393,0,0.429
R02543,0.31799293660258543,0,0.429
R02545,0.13133425067203153,0,0.429
R02556,0.10755634985781398,0,0.429
R02558,0.4075866027386476,0,0.429
R02568,0.3353008618552649,0,0.429
R02598,0.36353375658487336,0,0.429
R02602,0.03206989129106574,0,0.429
R02605,0.06451904029794789,0,0.429
R02617,0.07430490803252152,0,0.429
R02620,0.4033248385969112,0,0.429
R02628,0.419657646740279,0,0.429
R02629,0.29056644428392125,0,0.429
R02631,0.2687949488146355,0,0.429
R02633,0.38506604012549583,0,0.429
R02635,0.42645041737253186,0,0.429
R02639,0.2588532319304673,0,0.429
R02640,0.2618936547710602,0,0.429
R02648,0.27352666050692215,0,0.429
R02658,0.24145660255498808,0,0.429
R02678,0.024799026666662245,0,0.429
R02682,0.1813983142175914,0,0.429
R02692,0.2828275352145929,0,0.429
R02693,0.025458742105911564,0,0.429
R02696,0.2550826432243088,0,0.429
R02709,0.1913506862520928,0,0.429
R02714,0.19713644661011162,0,0.429
R02719,0.19505641254848385,0,0.429
R02733,0.36020156969416417,0,0.429
R02738,0.12405353026844915,0,0.429
R02739,0.054736884945344524,0,0.429
R02740,0.12194781971765156,0,0.429
R02746,0.25786712270854734,0,0.429
R02747,0.3962190924751833,0,0.429
R02750,0.08691122988405495,0,0.429
R02755,0.40376827523157227,0,0.429
R02756,0.40425222546958145,0,0.429
R02757,0.09125610943309781,0,0.429
R02780,0.32334360751026514,0,0.429
R02782,0.3611955124368154,0,0.429
R02793,0.3402096948316892,0,0.429
R02811,0.3050365858300768,0,0.429
R02812,0.13408672470773084,0,0.429
R02813,0.7239114277116359,1,0.429
R02817,0.13867831531013902,0,0.429
R02818,0.3670118668480672,0,0.429
R02827,0.3333108848783723,0,0.429
R02828,0.05823945750230367,0,0.429
R02830,0.1143080855910186,0,0.429
R02833,0.1434334444538747,0,0.429
R02834,0.15820821261885334,0,0.429
R02835,0.4169546822963694,0,0.429
R02848,0.17550395177316297,0,0.429
R02849,0.220068666815356,0,0.429
R02852,0.12829482578448415,0,0.429
R02856,0.22438785447755513,0,0.429
R02866,0.08969138696671167,0,0.429
R02869,0.35379124253616645,0,0.429
R02876,0.09457774253187043,0,0.429
R02877,0.39000877338692774,0,0.429
R02885,0.20264565484950106,0,0.429
R02888,0.017844938851568612,0,0.429
R02890,0.3434503617328485,0,0.429
R02905,0.08462181437506816,0,0.429
R02910,0.10482635226057835,0,0.429
R02911,0.389061617548575,0,0.429
R02916,0.34448410772475846,0,0.429
R02924,0.23098987060425719,0,0.429
R02934,0.28258537095681474,0,0.429
R02944,0.14115541651144464,0,0.429
R02945,0.2518486474624247,0,0.429
R02946,0.244328749872062,0,0.429
R02962,0.3159557806133501,0,0.429
R02972,0.3931498487861335,0,0.429
R02975,0.2538164816152028,0,0.429
R02982,0.7164995515741918,1,0.429
R02986,0.19277466018002673,0,0.429
R02990,0.3686610842991203,0,0.429
R03012,0.1775900959911792,0,0.429
R03026,0.27786664641854175,0,0.429
R03040,0.3976131214103635,0,0.429
R03041,0.3909351619811188,0,0.429
R03053,0.37370479674557017,0,0.429
R03056,0.3357865498132778,0,0.429
R03061,0.24752195406757235,0,0.429
R03066,0.14224996861349248,0,0.429
R03072,0.25540872154481664,0,0.429
R03079,0.1528644501498118,0,0.429
R03087,0.12302951949489802,0,0.429
R03097,0.340554953940189,0,0.429
R03100,0.05103945728584346,0,0.429
R03109,0.22318570678115365,0,0.429
R03119,0.30655121101171245,0,0.429
R03135,0.19809156408814368,0,0.429
R03140,0.16278483573223812,0,0.429
R03155,0.4045320970524347,0,0.429
R03164,0.23522751979699966,0,0.429
R03177,0.41997136315813344,0,0.429
R03179,0.33409961403502597,0,0.429
R03184,0.37041903682853095,0,0.429
R03186,0.5132796929271233,1,0.429
R03187,0.017255945516383292,0,0.429
R03192,0.056594260959822264,0,0.429
R03206,0.36476239592137516,0,0.429
R03210,0.3599629378088822,0,0.429
R03229,0.09784171824035248,0,0.429
R03232,0.21303769516658813,0,0.429
R03234,0.2426168185949335,0,0.429
R03238,0.17259277678766413,0,0.429
R03241,0.9319503015710278,1,0.429
R03250,0.3297793525300308,0,0.429
R03264,0.40923546164436053,0,0.429
R03279,0.2591694592389828,0,0.429
R03305,0.32226400879120715,0,0.429
R03313,0.24975162990813285,0,0.429
R03319,0.14775114917789395,0,0.429
R03329,0.29917350819418026,0,0.429
R03331,0.24012002408255398,0,0.429
R03337,0.12467212470141367,0,0.429
R03347,0.36627921864704227,0,0.429
R03361,0.24039527917518969,0,0.429
R03365,0.41734019447749954,0,0.429
R03380,0.19399430845084778,0,0.429
R03387,0.24924348229335508,0,0.429
R03388,0.5034318890212983,1,0.429
R03393,0.30885871636179446,0,0.429
R03400,0.26719801710768276,0,0.429
R03413,0.27457225980885286,0,0.429
R03418,0.07265291315921976,0,0.429
R03424,0.036176626382087795,0,0.429
R03432,0.32058314858231063,0,0.429
R03433,0.250883606205277,0,0.429
R03447,0.11652880617608194,0,0.429
R03451,0.1921619616871954,0,0.429
R03457,0.18420054206629044,0,0.429
R03459,0.3392833029018809,0,0.429
R03461,0.702980427465472,1,0.429
R03465,0.29597274552682745,0,0.429
R03482,0.10343705697122041,0,0.429
R03494,0.1018893285610413,0,0.429
R03495,0.04378033698138546,0,0.429
R03503,0.1538267637691103,0,0.429
R03515,0.051517546589365186,0,0.429
R03524,0.22087619985810242,0,0.429
R03529,0.384597128132066,0,0.429
R03531,0.17179711815949616,0,0.429
R03535,0.17232657018671854,0,0.429
R03542,0.14000197337246395,0,0.429
R03549,0.3293079324473815,0,0.429
R03552,0.41224811715172044,0,0.429
R03558,0.35672081906542435,0,0.429
R03568,0.39139637502814834,0,0.429
R03600,0.18442526177848348,0,0.429
R03602,0.1877437846720309,0,0.429
R03611,0.2903110538265309,0,0.429
R03620,0.011477958575874738,0,0.429
R03621,0.2267874965166961,0,0.429
R03623,0.37570941187134843,0,0.429
R03625,0.36715339751069886,0,0.429
R03626,0.9238435901410564,1,0.429
R03630,0.18302971006922827,0,0.429
R03635,0.11841705536111477,0,0.429
R03638,0.42396035756283945,0,0.429
R03652,0.20092641030791478,0,0.429
R03656,0.15753845387562246,0,0.429
R03661,0.3342965430389244,0,0.429
R03672,0.7307020237202484,1,0.429
R03674,0.07950797695101497,0,0.429
R03677,0.36057460516727274,0,0.429
R03679,0.0592153988654071,0,0.429
R03683,0.12875878073277552,0,0.429
R03692,0.364565870900053,0,0.429
R03700,0.24235143431017672,0,0.429
R03702,0.3043300939848436,0,0.429
R03716,0.35845511993575485,0,0.429
R03729,0.1962646606157454,0,0.429
R03740,0.11715085648780071,0,0.429
R03762,0.5259707493736387,1,0.429
R03763,0.2923566115254151,0,0.429
R03767,0.060180611154337905,0,0.429
R03769,0.266636434128675,0,0.429
R03781,0.32903611910613195,0,0.429
R03782,0.3677327010142271,0,0.429
R03785,0.22883576948437173,0,0.429
R03792,0.2890427574465331,0,0.429
R03805,0.3715066517443885,0,0.429
R03816,0.4007160022411507,0,0.429
R03821,0.3732008006234052,0,0.429
R03828,0.13504004730265015,0,0.429
R03841,0.05246168130210041,0,0.429
R03844,0.3735043175983184,0,0.429
R03848,0.18495490142378532,0,0.429
R03850,0.27517195408980616,0,0.429
R03858,0.27959492217200316,0,0.429
R03861,0.17846442582103764,0,0.429
R03863,0.3121548991776909,0,0.429
R03868,0.25937565134309803,0,0.429
R03874,0.29141400684595253,0,0.429
R03877,0.2263527166069262,0,0.429
R03881,0.07878361772180462,0,0.429
R03885,0.23903393328237402,0,0.429
R03886,0.25571868421282434,0,0.429
R03888,0.4224930798919369,0,0.429
R03905,0.06908900820800018,0,0.429
R03907,0.36815520818750314,0,0.429
R03909,0.3724830283314985,0,0.429
R03923,0.09935723942091415,0,0.429
R03925,0.3660204026262127,0,0.429
R03927,0.11230261280917764,0,0.429
R03933,0.0881234926148366,0,0.429
R03937,0.050476215659992586,0,0.429
R03950,0.8075103735494548,1,0.429
R03951,0.2732612173116924,0,0.429
R03954,0.3824023679392084,0,0.429
R03959,0.4000596505035409,0,0.429
R03961,0.1393393790661838,0,0.429
R03963,0.25347551671378604,0,0.429
R03965,0.0807591788395298,0,0.429
R03972,0.30984196523080415,0,0.429
R03979,0.08583089564615612,0,0.429
R04000,0.3768033989739606,0,0.429
R04005,0.07923593836048559,0,0.429
R04006,0.2488471396755299,0,0.429
R04021,0.40545237495091907,0,0.429
R04023,0.3708016893157256,0,0.429
R04042,0.2607649970713702,0,0.429
R04056,0.2203626001400612,0,0.429
R04064,0.4219949721000184,0,0.429
R04065,0.18945467900246557,0,0.429
R04066,0.06995941210868534,0,0.429
R04068,0.13343930731460552,0,0.429
R04084,0.042387441982544474,0,0.429
R04086,0.13594155163050808,0,0.429
R04106,0.2983182623232009,0,0.429
R04113,0.3207843046254987,0,0.429
R04119,0.418781202343772,0,0.429
R04122,0.16660783049678693,0,0.429
R04125,0.27438387700331757,0,0.429
R04127,0.02730374461532453,0,0.429
R04128,0.1279615687561671,0,0.429
R04133,0.3269981807697381,0,0.429
R04138,0.08011113185390611,0,0.429
R04139,0.18587552138184643,0,0.429
R04157,0.395073712452869,0,0.429
R04161,0.18352829160971312,0,0.429
R04163,0.09893952007677029,0,0.429
R04178,0.4253052872148252,0,0.429
R04191,0.4131425416436776,0,0.429
R04206,0.3315692224657304,0,0.429
R04209,0.18627807856248402,0,0.429
R04221,0.399259873126954,0,0.429
R04224,0.2772347136995454,0,0.429
R04227,0.2223989219320959,0,0.429
R04229,0.15215559179136662,0,0.429
R04233,0.3694512205217709,0,0.429
R04238,0.20153198684611132,0,0.429
R04242,0.3175397720769793,0,0.429
R04245,0.19177227823359383,0,0.429
R04255,0.27562469098777265,0,0.429
R04256,0.08168449361928518,0,0.429
R04261,0.18542037665574568,0,0.429
R04263,0.20990114661056125,0,0.429
R04265,0.33104083168114573,0,0.429
R04284,0.28484785640562627,0,0.429
R04295,0.0903406365915018,0,0.429
R04300,0.1250964016950262,0,0.429
R04334,0.37872003627136963,0,0.429
R04335,0.38812496760312937,0,0.429
R04338,0.33802729422307654,0,0.429
R04341,0.21698444004261497,0,0.429
R04355,0.4143728612513251,0,0.429
R04362,0.9472302806710697,1,0.429
R04369,0.41716234704084615,0,0.429
R04387,0.19968783478066227,0,0.429
R04392,0.3395727658391128,0,0.429
R04398,0.33200685137793995,0,0.429
R04405,0.29317862226064717,0,0.429
R04415,0.10438842908830581,0,0.429
R04416,0.0784041257805427,0,0.429
R04424,0.32024808047352377,0,0.429
R04435,0.23818660780954165,0,0.429
R04454,0.13570077675839745,0,0.429
R04455,0.3678917939364845,0,0.429
R04456,0.15976413961704125,0,0.429
R04462,0.18823470034058487,0,0.429
R04466,0.3979217627785327,0,0.429
R04469,0.1953277360295218,0,0.429
R04472,0.15657172906840097,0,0.429
R04475,0.23991089229365564,0,0.429
R04478,0.3780014868137406,0,0.429
R04498,0.35058488418080547,0,0.429
R04499,0.1206394378504462,0,0.429
R04500,0.3557843174445703,0,0.429
R04503,0.3004267483548597,0,0.429
R04505,0.37496824801909606,0,0.429
R04518,0.39596490462528705,0,0.429
R04522,0.3469272887797914,0,0.429
R04525,0.4214160113911273,0,0.429
R04529,0.2690127989178451,0,0.429
R04531,0.10597205834140949,0,0.429
R04532,0.26431927144956674,0,0.429
R04562,0.21832540044761528,0,0.429
R04563,0.15473585727228428,0,0.429
R04571,0.3303270561389817,0,0.429
R04577,0.21578242897400607,0,0.429
R04586,0.02626567982845757,0,0.429
R04592,0.1508088237692826,0,0.429
R04599,0.15152409699681899,0,0.429
R04603,0.17906480171310526,0,0.429
R04604,0.3008998549418602,0,0.429
R04605,0.38758027530575256,0,0.429
R04608,0.16100808293238103,0,0.429
R04610,0.28042203363526375,0,0.429
R04614,0.3500968479332511,0,0.429
R04628,0.24456765876549744,0,0.429
R04639,0.033156936256992384,0,0.429
R04643,0.11676424082520029,0,0.429
R04644,0.23318597310350064,0,0.429
R04652,0.34327570206168484,0,0.429
R04655,0.04621246122407246,0,0.429
R04656,0.3017454963109444,0,0.429
R04664,0.3869597449514982,0,0.429
R04670,0.2220281691352087,0,0.429
R04684,0.09684608000954659,0,0.429
R04713,0.8443593921216219,1,0.429
R04718,0.38290112346207505,0,0.429
R04727,0.4141649644896228,0,0.429
R04732,0.3257380855087158,0,0.429
R04737,0.2612902983895795,0,0.429
R04741,0.3710684521026618,0,0.429
R04750,0.25671396794701873,0,0.429
R04753,0.3060796177592734,0,0.429
R04792,0.15127105076432878,0,0.429
R04799,0.42465411903594363,0,0.429
R04816,0.10001481853476815,0,0.429
R04817,0.12360931703595207,0,0.429
R04842,0.18681532664326,0,0.429
R04844,0.17210377377973257,0,0.429
R04848,0.40616646840682424,0,0.429
R04852,0.11476531216044952,0,0.429
R04854,0.1817237433924224,0,0.429
R04861,0.3683871738759154,0,0.429
R04864,0.3632673853792053,0,0.429
R04867,0.17879798407882275,0,0.429
R04869,0.013938971832650636,0,0.429
R04870,0.24070244328454113,0,0.429
R04873,0.3215504919974569,0,0.429
R04884,0.618496459043486,1,0.429
R04886,0.18385790995547605,0,0.429
R04887,0.1233510963193051,0,0.429
R04914,0.1805910580359965,0,0.429
R04915,0.09645871287772023,0,0.429
R04933,0.29727675017057575,0,0.429
R04940,0.2809742182371764,0,0.429
R04945,0.6860446241111045,1,0.429
R04950,0.3921656662372838,0,0.429
R04954,0.14413027085996966,0,0.429
R04968,0.009037123877052015,0,0.429
R04978,0.9552274723685579,1,0.429
R04986,0.1530302712184137,0,0.429
R04994,0.9667659606746866,1,0.429
R04996,0.23582051789721156,0,0.429
R05006,0.13827151135334806,0,0.429
R05008,0.24100412930166532,0,0.429
R05011,0.3495692555521027,0,0.429
R05012,0.0670840427943849,0,0.429
R05017,0.263406422666465,0,0.429
R05018,0.22991148777512155,0,0.429
R05029,0.14058863453995366,0,0.429
R05039,0.38950492821113397,0,0.429
R05040,0.1518283797787272,0,0.429
R05041,0.35259775608745414,0,0.429
R05060,0.25806472196931424,0,0.429
R05063,0.06319640906021573,0,0.429
R05067,0.6294021448298717,1,0.429
R05073,0.22155648137592232,0,0.429
R05079,0.33827949151595726,0,0.429
R05085,0.12155540291004244,0,0.429
R05094,0.31977456974394963,0,0.429
R05095,0.02247599338870257,0,0.429
R05098,0.3878585357891303,0,0.429
R05106,0.12636056066978588,0,0.429
R05114,0.21207583272402475,0,0.429
R05120,0.26957966109364,0,0.429
R05131,0.3247250329028834,0,0.429
R05139,0.0889451605365982,0,0.429
R05140,0.40962250187993837,0,0.429
R05155,0.24563054564104542,0,0.429
R05158,0.20663698862610974,0,0.429
R05163,0.42091678111262343,0,0.429
R05169,0.201229877451117,0,0.429
R05177,0.2978355723731759,0,0.429
R05182,0.7512602763601182,1,0.429
R05183,0.3373267824994449,0,0.429
R05200,0.31721573236006073,0,0.429
R05202,0.06491057465271755,0,0.429
R05203,0.10155440943268021,0,0.429
R05206,0.1309933596919415,0,0.429
R05207,0.2762550701891824,0,0.429
R05210,0.28402026739157027,0,0.429
R05214,0.3471923526522171,0,0.429
R05218,0.3553268218950687,0,0.429
R05220,0.02001774549859809,0,0.429
R05225,0.11325063325397644,0,0.429
R05228,0.40865896566986065,0,0.429
R05240,0.3518857186150273,0,0.429
R05258,0.3973425906335916,0,0.429
R05278,0.0983232446021722,0,0.429
R05279,0.06749590307752593,0,0.429
R05291,0.17076863105479154,0,0.429
R05292,0.30272448843337624,0,0.429
R05303,0.14156909387265904,0,0.429
R05309,0.16590315358967564,0,0.429
R05311,0.32396845184416334,0,0.429
R05319,0.168964629919231,0,0.429
R05320,0.7565976021430179,1,0.429
R05321,0.22570308867453115,0,0.429
R05328,0.13526852864421104,0,0.429
R05334,0.030599330265761348,0,0.429
R05335,0.06041523895081527,0,0.429
R05339,0.42180475981045,0,0.429
R05344,0.33556655221164716,0,0.429
R05349,0.05565880634072206,0,0.429
R05357,0.14292475588419018,0,0.429
R05358,0.2584343248367642,0,0.429
R05363,0.12708387465437174,0,0.429
R05374,0.40665850511386326,0,0.429
R05379,0.3449197489120373,0,0.429
R05391,0.4021116253925634,0,0.429
R05394,0.350343251733613,0,0.429
R05395,0.37009757029619283,0,0.429
R05396,0.28299423962708364,0,0.429
R05406,0.1669214431432529,0,0.429
R05407,0.20808337090832596,0,0.429
R05410,0.2719228928842237,0,0.429
R05434,0.13177889003120688,0,0.429
R05439,0.1711118681303261,0,0.429
R05448,0.10407730267780044,0,0.429
R05451,0.0756204353877385,0,0.429
R05455,0.29268317784052583,0,0.429
R05464,0.3457627263123009,0,0.429
R05472,0.34817016469463985,0,0.429
R05477,0.24837153027626793,0,0.429
R05483,0.3327894688909242,0,0.429
R05499,0.24788027980170235,0,0.429
R05513,0.25735914393629356,0,0.429
R05514,0.6793556689545934,1,0.429
R05516,0.11753768655096389,0,0.429
R05522,0.26209323420579034,0,0.429
R05528,0.16354599830826574,0,0.429
R05536,0.04069174973675939,0,0.429
R05543,0.1612224407197112,0,0.429
R05544,0.25703532270739654,0,0.429
R05548,0.3902667637069163,0,0.429
R05555,0.35693065292855813,0,0.429
R05556,0.03263755638824659,0,0.429
R05568,0.14701570733827546,0,0.429
R05576,0.034547182107168145,0,0.429
R05607,0.2182080515484656,0,0.429
R05608,0.289491503224223,0,0.429
R05619,0.3397759745452805,0,0.429
R05621,0.26541148828841826,0,0.429
R05624,0.3593805652568997,0,0.429
R05625,0.3109271194223305,0,0.429
R05637,0.2315558238840703,0,0.429
R05652,0.27823981781708756,0,0.429
R05666,0.15603124080097408,0,0.429
R05672,0.15415759350188793,0,0.429
R05675,0.306881501081095,0,0.429
R05678,0.09761298104041952,0,0.429
R05681,0.20761839566842294,0,0.429
R05702,0.42734440911351707,0,0.429
R05708,0.2711128122579322,0,0.429
R05717,0.234017595969344,0,0.429
R05724,0.342412743950864,0,0.429
R05726,0.28180031937846645,0,0.429
R05728,0.20002936644285718,0,0.429
R05742,0.3885480034732276,0,0.429
R05761,0.37307359564344317,0,0.429
R05770,0.34887204924589205,0,0.429
R05796,0.16775189201495982,0,0.429
R05804,0.07401864218949403,0,0.429
R05807,0.21535577566943412,0,0.429
R05808,0.03985584026343794,0,0.429
R05813,0.3966099006104077,0,0.429
R05815,0.12595971291734975,0,0.429
R05817,0.3795241948935843,0,0.429
R05819,0.8819470034486991,1,0.429
R05820,0.5904288938069772,1,0.429
R05826,0.35603544087720607,0,0.429
R05829,0.13955038117903582,0,0.429
R05830,0.01934542947955866,0,0.429
R05834,0.3691473512633141,0,0.429
R05837,0.328807655614091,0,0.429
R05838,0.1772677621236115,0,0.429
R05857,0.4232118650109028,0,0.429
R05865,0.24946173860750043,0,0.429
R05866,0.398850108226002,0,0.429
R05879,0.5546920643284448,1,0.429
R05881,0.3620481220099954,0,0.429
R05894,0.13894236855699255,0,0.429
R05899,0.20469579270117733,0,0.429
R05903,0.17593197314154682,0,0.429
R05904,0.08323076733472695,0,0.429
R05906,0.36036969315051126,0,0.429
R05907,0.41484801143771843,0,0.429
R05908,0.775526508178195,1,0.429
R05935,0.3797603280087349,0,0.429
R05938,0.2880347211296016,0,0.429
R05939,0.19412709418991828,0,0.429
R05949,0.23713148110057888,0,0.429
R05950,0.037099471384958116,0,0.429
R05968,0.2604902788197383,0,0.429
R05985,0.10899997627340954,0,0.429
R05995,0.28643843524089674,0,0.429
R06003,0.09373353097856402,0,0.429
R06004,0.21387464003373405,0,0.429
R06028,0.372237897558113,0,0.429
R06048,0.016207194776405465,0,0.429
R06085,0.3262763372758844,0,0.429
R06089,0.3613471364344681,0,0.429
R06090,0.0959695466423805,0,0.429
R06094,0.338809833510488,0,0.429
R06106,0.21990719652857224,0,0.429
R06112,0.08341261120382429,0,0.429
R06114,0.28923548248997855,0,0.429
R06115,0.4059420280428836,0,0.429
R06118,0.35361255954402687,0,0.429
R06148,0.41106474595269366,0,0.429
R06154,0.3407453363365735,0,0.429
R06155,0.41766278883645247,0,0.429
R06157,0.03379530689474153,0,0.429
R06159,0.42853085768420157,0,0.429
R06167,0.3852089519217714,0,0.429
R06173,0.3674079734479693,0,0.429
R06178,0.25627770263467126,0,0.429
R06195,0.1855486832313808,0,0.429
R06204,0.602297054902491,1,0.429
R06211,0.300112645077971,0,0.429
R06214,0.3244864311476033,0,0.429
R06228,0.3574609595533743,0,0.429
R06243,0.2788294520442352,0,0.429
R06248,0.4107755694171347,0,0.429
R06252,0.3265457982162169,0,0.429
R06260,0.34196911154362275,0,0.429
R06263,0.28594046310379784,0,0.429
R06267,0.3618985963299757,0,0.429
R06270,0.4164645105429703,0,0.429
R06282,0.3275792912027201,0,0.429
R06285,0.303805353191517,0,0.429
R06289,0.06218515673162628,0,0.429
R06295,0.37546660888518,0,0.429
R06302,0.1802397274409122,0,0.429
R06305,0.19010119713966822,0,0.429
R06306,0.26585801765121503,0,0.429
R06311,0.1489205235806597,0,0.429
R06318,0.16465463531643135,0,0.429
R06333,0.42226854406275255,0,0.429
R06350,0.3785148117403303,0,0.429
R06363,0.8708067714751955,1,0.429
R06379,0.32127340929464804,0,0.429
R06380,0.3053278073497157,0,0.429
R06390,0.22492762188955517,0,0.429
R06391,0.05007566059919294,0,0.429
R06401,0.31066834894978657,0,0.429
R06403,0.1931061404073871,0,0.429
R06404,0.2127403490755648,0,0.429
R06406,0.4202061080445105,0,0.429
R06407,0.021837399457943753,0,0.429
R06409,0.34662280449212496,0,0.429
R06417,0.8160462456019423,1,0.429
R06419,0.13724394265378195,0,0.429
R06421,0.4100962618791045,0,0.429
R06431,0.27276578236610477,0,0.429
R06432,0.18658432304682726,0,0.429
R06441,0.2676754342510171,0,0.429
R06442,0.23655705789943154,0,0.429
R06449,0.04877669456669167,0,0.429
R06450,0.20412309635189238,0,0.429
R06451,0.3892976331105058,0,0.429
R06455,0.15245863398542972,0,0.429
R06459,0.08397446004828593,0,0.429
R06467,0.42808723191829345,0,0.429
R06492,0.31929429311290325,0,0.429
R06504,0.36959640106749253,0,0.429
R06509,0.233497134686146,0,0.429
R06514,0.16564346460926527,0,0.429
R06518,0.32532083598091954,0,0.429
R06519,0.24367400248777393,0,0.429
R06528,0.38166047680201837,0,0.429
R06531,0.15934400376481653,0,0.429
R06539,0.38024623104795147,0,0.429
R06541,0.42550622092166085,0,0.429
R06551,0.024244750278754505,0,0.429
R06553,0.23547656977693993,0,0.429
R06564,0.3955291339718634,0,0.429
R06571,0.11129267540618185,0,0.429
R06574,0.3454505476944252,0,0.429
R06580,0.1213111678070096,0,0.429
R06586,0.32802442205839794,0,0.429
R06597,0.5343767157126571,1,0.429
R06599,0.14439535688373936,0,0.429
R06600,0.2470408775436985,0,0.429
R06609,0.04293842746334318,0,0.429
R06625,0.6715996036319182,1,0.429
R06630,0.5454280054679583,1,0.429
R06654,0.17654017153990564,0,0.429
R06663,0.3492110494877234,0,0.429
R06664,0.10869106678508705,0,0.429
R06665,0.25222649341935716,0,0.429
R06673,0.16498403332453326,0,0.429
R06685,0.3640346100425478,0,0.429
R06688,0.05687426137125312,0,0.429
R06695,0.30226620530888937,0,0.429
R06697,0.42606675959606843,0,0.429
R06705,0.40778129595497264,0,0.429
R06706,0.21413108741740927,0,0.429
R06710,0.23953167746011322,0,0.429
R06711,0.31869089583163,0,0.429
R06733,0.24647585821241405,0,0.429
R06739,0.7816454948455567,1,0.429
R06750,0.40255566825532946,0,0.429
R06760,0.17782466598573216,0,0.429
R06762,0.25115722202098884,0,0.429
R06765,0.8647453492947664,1,0.429
R06769,0.8941354201834744,1,0.429
R06777,0.4124501754634364,0,0.429
R06779,0.24510131256961376,0,0.429
R06780,0.08246770022126498,0,0.429
R06781,0.14570648529961436,0,0.429
R06789,0.4073559635395051,0,0.429
R06804,0.6130448528550287,1,0.429
R06817,0.19242726199509594,0,0.429
R06829,0.16866294048850078,0,0.429
R06831,0.16810642984157165,0,0.429
R06838,0.3562075736001405,0,0.429
R06839,0.2766641397331445,0,0.429
R06847,0.30911458334089453,0,0.429
R06860,0.3933725690717213,0,0.429
R06870,0.07690164091639184,0,0.429
R06872,0.20037573122534008,0,0.429
R06878,0.27255361546180873,0,0.429
R06886,0.16368182418656246,0,0.429
R06890,0.42154728255748813,0,0.429
R06891,0.3338258339047706,0,0.429
R06895,0.3712665052464604,0,0.429
R06902,0.036568402572648206,0,0.429
R06923,0.010917784539043506,0,0.429
R06926,0.37992050670452787,0,0.429
R06928,0.38883404123331067,0,0.429
R06952,0.27758988165209786,0,0.429
R06954,0.22403423676631443,0,0.429
R06961,0.22760750443547592,0,0.429
R06974,0.16161410967033443,0,0.429
R06976,0.20207800067494106,0,0.429
R06983,0.21903535273856312,0,0.429
R06991,0.9116240283055406,1,0.429
R06998,0.4150970603509209,0,0.429
R07007,0.4106253577700501,0,0.429
R07019,0.30929136356271103,0,0.429
R07028,0.0820814995979843,0,0.429
R07033,0.16718349117295708,0,0.429
R07043,0.3790520051659015,0,0.429
R07046,0.20071795982298118,0,0.429
R07047,0.6496484500704987,1,0.429
R07050,0.20585463477162022,0,0.429
R07051,0.23880756470256134,0,0.429
R07058,0.4019398578460799,0,0.429
R07064,0.21762513937355574,0,0.429
R07066,0.13704816564551306,0,0.429
R07068,0.3166852340217424,0,0.429
R07079,0.25593330467348546,0,0.429
R07082,0.3479495040946799,0,0.429
R07086,0.21865917668515522,0,0.429
R07089,0.45705765986559743,1,0.429
R07096,0.3550432972694778,0,0.429
R07107,0.04689445654320088,0,0.429
R07113,0.3820834449768713,0,0.429
R07122,0.39290055681072505,0,0.429
R07124,0.28008207341818403,0,0.429
R07125,0.38555540196007193,0,0.429
R07136,0.4145126554871978,0,0.429
R07140,0.13309173240570316,0,0.429
R07143,0.05392836727381671,0,0.429
R07150,0.28693754654448655,0,0.429
R07152,0.055158470931857544,0,0.429
R07153,0.3898129205074561,0,0.429
R07157,0.15564246031988888,0,0.429
R07164,0.3409575719941157,0,0.429
R07177,0.35235244342710936,0,0.429
R07179,0.23084030776640618,0,0.429
R07180,0.06867044289014637,0,0.429
R07186,0.26697270505947573,0,0.429
R07188,0.36278160135992293,0,0.429
R07192,0.37764199317101,0,0.429
R07195,0.40029694979602964,0,0.429
R07198,0.3826319546980022,0,0.429
R07199,0.8327070640770002,1,0.429
R07207,0.2680194117296092,0,0.429
R07212,0.2798246196578048,0,0.429
R07214,0.2729980638448419,0,0.429
R07216,0.1226482093794512,0,0.429
R07220,0.17987449144302592,0,0.429
R07226,0.216125342305213,0,0.429
R07227,0.37065859982149574,0,0.429
R07241,0.262366953053934,0,0.429
R07245,0.2648401553445319,0,0.429
R07248,0.39426372923939385,0,0.429
R07261,0.06811403827380147,0,0.429
R07262,0.023823667132836658,0,0.429
R07273,0.3589834206600769,0,0.429
R07275,0.364364710776265,0,0.429
R07285,0.09863785001702935,0,0.429
R07287,0.35921872691224166,0,0.429
R07290,0.2753497871090307,0,0.429
R07299,0.04536393884122601,0,0.429
R07303,0.1569756233723518,0,0.429
R07309,0.39839176453812775,0,0.429
R07311,0.20842785604685352,0,0.429
R07322,0.21361373078355222,0,0.429
R07345,0.1454805974354969,0,0.429
R07354,0.10793247174832349,0,0.429
R07359,0.2110833966759251,0,0.429
R07363,0.31313100407846084,0,0.429
R07367,0.19031374773283843,0,0.429
R07374,0.19681240475280726,0,0.429
R07384,0.3348074762467676,0,0.429
R07397,0.29960551722909984,0,0.429
R07400,0.027029773697660672,0,0.429
R07419,0.30121619596044663,0,0.429
R07423,0.32433369916592886,0,0.429
R07425,0.7884704501780162,1,0.429
R07429,0.3746418275368168,0,0.429
R07430,0.41895919418091904,0,0.429
R07438,0.3698695503381327,0,0.429
R07439,0.39862413352159903,0,0.429
R07446,0.2738233230627199,0,0.429
R07480,0.2706063194790743,0,0.429
R07486,0.38091269336374395,0,0.429
R07493,0.41850567850733034,0,0.429
R07494,0.30252296312103943,0,0.429
R07499,0.40394441085653926,0,0.429
R07502,0.21674212528399686,0,0.429
R07515,0.25317231519820566,0,0.429
R07519,0.11052657813361741,0,0.429
R07535,0.051977109310306434,0,0.429
R07540,0.19658984198593432,0,0.429
R07545,0.21045603669781618,0,0.429
R07546,0.18212702774587622,0,0.429
R07555,0.3230526593087557,0,0.429
R07556,0.36896182601019223,0,0.429
R07572,0.18797873515895475,0,0.429
R07575,0.07487745291230377,0,0.429
R07592,0.2639534256483051,0,0.429
R07603,0.22943268669880082,0,0.429
R07608,0.7675766244210578,1,0.429
R07611,0.15335624925755414,0,0.429
R07613,0.2337768612148852,0,0.429
R07615,0.11573311248816093,0,0.429
R07636,0.3308271398958933,0,0.429
R07649,0.07071939987666764,0,0.429
R07651,0.22711421454846126,0,0.429
R07656,0.3422543469565061,0,0.429
R07657,0.17813808035804315,0,0.429
R07661,0.3155182645821473,0,0.429
R07662,0.1294156615856501,0,0.429
R07670,0.3778457432844842,0,0.429
R07685,0.3210003305337826,0,0.429
R07686,0.13674898138557978,0,0.429
R07695,0.35551388965338543,0,0.429
R07698,0.2950411475042805,0,0.429
R07701,0.33751462583825564,0,0.429
R07702,0.4269805341786981,0,0.429
R07704,0.11924766684203358,0,0.429
R07707,0.38066536992132666,0,0.429
R07709,0.07731437804894789,0,0.429
R07710,0.1642960067441728,0,0.429
R07724,0.1267706099200994,0,0.429
R07729,0.09013881746625646,0,0.429
R07740,0.1622123677113015,0,0.429
R07741,0.028839575832043683,0,0.429
R07750,0.2922057557061509,0,0.429
R07759,0.25052551127025063,0,0.429
R07766,0.4118186770062127,0,0.429
R07769,0.22544974149159522,0,0.429
R07770,0.25294467849210533,0,0.429
R07776,0.14093826267153928,0,0.429
R07804,0.35648487277559315,0,0.429
R07812,0.2524939347777267,0,0.429
R07825,0.40165445816127143,0,0.429
R07827,0.16928572709667214,0,0.429
R07833,0.23767902620404846,0,0.429
R07838,0.3513585745234561,0,0.429
R07840,0.9067095213747656,1,0.429
R07842,0.9723620797259265,1,0.429
R07844,0.10230346660843928,0,0.429
R07847,0.057889631302661046,0,0.429
R07856,0.10034740453734262,0,0.429
R07858,0.15532496025684622,0,0.429
R07862,0.33500205949021455,0,0.429
R07873,0.2770577320120538,0,0.429
R07883,0.11502792136135556,0,0.429
R07903,0.16411125060483145,0,0.429
R07919,0.20894739946916255,0,0.429
R07920,0.3971545521984147,0,0.429
R07933,0.284546380007436,0,0.429
R07935,0.32611871198058556,0,0.429
R07939,0.14490501706288136,0,0.429
R07945,0.2412628829748491,0,0.429
R07955,0.4283409729531015,0,0.429
R07965,0.16843296912310785,0,0.429
R07975,0.14610911008050326,0,0.429
R07976,0.014617911785323364,0,0.429
R07984,0.2877459319712792,0,0.429
R08007,0.3907269158725415,0,0.429
R08012,0.07360694395373632,0,0.429
R08021,0.3624132004202885,0,0.429
R08037,0.2115250755720528,0,0.429
R08050,0.36159752154358055,0,0.429
R08061,0.39909654810050643,0,0.429
R08089,0.29420352867981775,0,0.429
R08111,0.187406714334004,0,0.429
R08120,0.18708356954687005,0,0.429
R08135,0.2933717808096947,0,0.429
R08145,0.17030637573788024,0,0.429
R08147,0.27149020114771144,0,0.429
R08151,0.4162785143380315,0,0.429
R08153,0.2723103412509726,0,0.429
R08160,0.08500314567353137,0,0.429
R08173,0.18329002840982292,0,0.429
R08174,0.3113584494131204,0,0.429
R08181,0.1696385211973331,0,0.429
R08182,0.33785149747524496,0,0.429
R08187,0.22063109258914276,0,0.429
R08188,0.22463130597464573,0,0.429
R08194,0.0892166897188918,0,0.429
R08200,0.3368485416404622,0,0.429
R08202,0.22184221644323915,0,0.429
R08203,0.23298009077731358,0,0.429
R08208,0.2296451959106644,0,0.429
R08212,0.3076089852177475,0,0.429
R08215,0.41544862930104537,0,0.429
R08225,0.3458918628541253,0,0.429
R08230,0.23937014319145905,0,0.429
R08237,0.3044582888196359,0,0.429
R08239,0.2976271886085805,0,0.429
R08241,0.23598900813416063,0,0.429
R08247,0.24622631348748103,0,0.429
R08249,0.2454296263111721,0,0.429
R08253,0.1768873326386063,0,0.429
R08266,0.1631964084502341,0,0.429
R08269,0.291881581267453,0,0.429
R08271,0.11018628280900303,0,0.429
R08274,0.38135797690331485,0,0.429
R08275,0.34772421260803793,0,0.429
R08293,0.2043436454732353,0,0.429
R08302,0.10987790600540856,0,0.429
R08305,0.21442326474170498,0,0.429
R08319,0.2346928460548613,0,0.429
R08320,0.17330823992370858,0,0.429
R08323,0.30968048026752015,0,0.429
R08326,0.3150182792259816,0,0.429
R08328,0.3764122110635376,0,0.429
R08333,0.14255817669839627,0,0.429
R08344,0.2812243041605749,0,0.429
R08349,0.3997733881243537,0,0.429
R08354,0.27040850026804314,0,0.429
R08357,0.26561392228634567,0,0.429
R08372,0.22355297656933976,0,0.429
R08386,0.22650073536073378,0,0.429
R08387,0.2119107224595072,0,0.429
R08396,0.04324259327621425,0,0.429
R08400,0.3268213114144826,0,0.429
R08404,0.12433049480121683,0,0.429
R08406,0.27647717192972004,0,0.429
R08413,0.42442295782538886,0,0.429
R08423,0.22788936337901913,0,0.429
R08430,0.08855208680951066,0,0.429
R08432,0.21638218417573485,0,0.429
R08439,0.3744501662971349,0,0.429
R08446,0.31896072135021486,0,0.429
R08449,0.15444626610906273,0,0.429
R08458,0.0927222867381435,0,0.429
R08459,0.0724607875322483,0,0.429
R08462,0.2093400690965485,0,0.429
R08464,0.29853823968580473,0,0.429
R08470,0.29630463124413925,0,0.429
R08472,0.40473228222688123,0,0.429
R08477,0.14324188971923735,0,0.429
R08478,0.22515213947920293,0,0.429
R08482,0.29680944384891456,0,0.429
R08486,0.13800362052111667,0,0.429
R08496,0.29532820385112335,0,0.429
R08497,0.044366066164859705,0,0.429
R08499,0.18866990006690276,0,0.429
R08505,0.061960581981912295,0,0.429
R08506,0.22595008719629583,0,0.429
R08520,0.37273398019833526,0,0.429
R08525,0.19924960650675339,0,0.429
R08539,0.8216162728523011,1,0.429
R08542,0.26032779301043085,0,0.429
R08544,0.0299624867740321,0,0.429
R08551,0.15851128397650288,0,0.429
R08553,0.7415232127609649,1,0.429
R08557,0.26933630085607413,0,0.429
R08563,0.10841311483210778,0,0.429
R08577,0.40853204704425444,0,0.429
R08582,0.23048602628725298,0,0.429
R08586,0.05966484946847908,0,0.429
R08593,0.06128322242318667,0,0.429
R08612,0.18256763550670746,0,0.429
R08613,0.4177925573623716,0,0.429
R08614,0.10077968044867236,0,0.429
R08627,0.17564722905570856,0,0.429
R08635,0.07153138341694265,0,0.429
R08636,0.09704402420151156,0,0.429
R08642,0.07811919471520479,0,0.429
R08643,0.3400848080539222,0,0.429
R08676,0.14180624519644872,0,0.429
R08684,0.23434352351257226,0,0.429
R08692,0.05435378751916154,0,0.429
R08693,0.19945027499892629,0,0.429
R08701,0.35795086340606264,0,0.429
R08719,0.0759017043504629,0,0.429
R08724,0.37595328301646086,0,0.429
R08725,0.14649443507707618,0,0.429
R08740,0.3141333778692013,0,0.429
R08745,0.4115191570824906,0,0.429
R08750,0.3664917742396225,0,0.429
R08754,0.11881182652066763,0,0.429
R08764,0.12534370140970336,0,0.429
R08773,0.3225036641244056,0,0.429
R08777,0.24290526486773584,0,0.429
R08779,0.21126503843443548,0,0.429
R08781,0.33699463939858226,0,0.429
R08787,0.22127559160901325,0,0.429
R08791,0.17936805379622892,0,0.429
R08797,0.3577424126960321,0,0.429
R08810,0.09348690267012288,0,0.429
R08812,0.3006662041398958,0,0.429
R08823,0.4133897392765113,0,0.429
R08827,0.14961741219154795,0,0.429
R08833,0.3250538590644373,0,0.429
R08845,0.2500773746284645,0,0.429
R08854,0.06357571480239163,0,0.429
R08858,0.20523470531426383,0,0.429
R08861,0.2502565225819237,0,0.429
R08879,0.9364962298104025,1,0.429
R08884,0.37714562958383807,0,0.429
R08891,0.41837815138397166,0,0.429
R08898,0.40120763784769575,0,0.429
R08900,0.26101986916160225,0,0.429
R08902,0.31999070342561897,0,0.429
R08904,0.38829819266499127,0,0.429
R08912,0.19891430458703444,0,0.429
R08915,0.09417467664460291,0,0.429
R08919,0.4052199212126512,0,0.429
R08922,0.08613691667464624,0,0.429
R08924,0.31565983904599254,0,0.429
R08930,0.4681947568951195,1,0.429
R08943,0.4236222325395456,0,0.429
R08953,0.02301753493576702,0,0.429
R08956,0.9021202454985864,1,0.429
R08977,0.2526387047982403,0,0.429
R08982,0.3136471351664432,0,0.429
R08988,0.13772830971123431,0,0.429
R08993,0.10660630617923067,0,0.429
R08994,0.24815855340627443,0,0.429
R08999,0.34423764104870846,0,0.429
R09004,0.8028036852846412,1,0.429
R09006,0.4276360695850612,0,0.429
R09037,0.3860098159525613,0,0.429
R09038,0.3630245530373597,0,0.429
R09039,0.20330282783920403,0,0.429
R09051,0.12082276799337341,0,0.429
R09054,0.09497365426146684,0,0.429
R09056,0.17385157409746074,0,0.429
R09059,0.1498642174168501,0,0.429
R09062,0.31185430880895443,0,0.429
R09065,0.40936762379387875,0,0.429
R09068,0.29441518483721524,0,0.429
R09088,0.36547251940749964,0,0.429
R09090,0.17482234927944645,0,0.429
R09097,0.03167826911583319,0,0.429
R09109,0.24595688985419523,0,0.429
R09110,0.12742464276611676,0,0.429
R09113,0.17640839586851806,0,0.429
R09121,0.2322250807076574,0,0.429
R09129,0.38048558457915654,0,0.429
R09133,0.4203674423976135,0,0.429
R09143,0.3220806234034345,0,0.429
R09144,0.22738809284110303,0,0.429
R09152,0.203011480097826,0,0.429
R09188,0.6601161960262963,1,0.429
R09199,0.2708897233158235,0,0.429
R09212,0.8568325151533475,1,0.429
R09223,0.1982501963061048,0,0.429
R09227,0.30834321015856114,0,0.429
R09230,0.38645697996664446,0,0.429
R09241,0.33894969233742095,0,0.429
R09242,0.2064833804266086,0,0.429
R09249,0.2887997235446739,0,0.429
R09259,0.33457068975537796,0,0.429
R09264,0.20878653435561279,0,0.429
R09266,0.4004772095166915,0,0.429
R09280,0.06097356426761204,0,0.429
R09288,0.6419856020532687,1,0.429
R09289,0.32737441307096093,0,0.429
R09292,0.2148021214836878,0,0.429
R09308,0.8747665228987835,1,0.429
R09320,0.38569366023073187,0,0.429
R09331,0.16617780234132898,0,0.429
R09336,0.3831419755582606,0,0.429
R09339,0.28431590278953545,0,0.429
R09340,0.19561189574639315,0,0.429
R09352,0.14810101014357754,0,0.429
R09356,0.12765892457672226,0,0.429
R09357,0.336021297308935,0,0.429
R09371,0.21494815950102203,0,0.429
R09378,0.21918529926541974,0,0.429
R09386,0.11145055824789812,0,0.429
R09392,0.3842849917178835,0,0.429
R09400,0.8279177842455179,1,0.429
R09402,0.18115947904970756,0,0.429
R09412,0.4080147065956487,0,0.429
R09414,0.39407919372891637,0,0.429
R09416,0.12978619502980354,0,0.429
R09431,0.890076020122109,1,0.429
R09435,0.12900244212964201,0,0.429
R09438,0.32176554239588306,0,0.429
R09447,0.1093380232628278,0,0.429
R09453,0.30475072498135547,0,0.429
R09457,0.2626721372854405,0,0.429
R09460,0.32273454922998984,0,0.429
R09466,0.412691906528886,0,0.429
R09468,0.1222622846017688,0,0.429
R09484,0.30863753818649453,0,0.429
R09492,0.28350015273590146,0,0.429
R09495,0.24476296810093312,0,0.429
R09496,0.3540014229767374,0,0.429
R09501,0.013010344036984835,0,0.429
R09505,0.10730513113085452,0,0.429
R09515,0.22291157348924454,0,0.429
R09521,0.25993241926946264,0,0.429
R09535,0.35331570576443355,0,0.429
R09545,0.34624089621993764,0,0.429
R09549,0.3547796398479422,0,0.429
R09551,0.16033140095815251,0,0.429
R09557,0.38662037108712394,0,0.429
R09561,0.4278042972862758,0,0.429
R09563,0.053433173072538385,0,0.429
R09568,0.41198728526548395,0,0.429
R09574,0.20562061930278458,0,0.429
R09578,0.3957435765458254,0,0.429
R09588,0.19101873775024622,0,0.429
R09599,0.3278433681959188,0,0.429
R09602,0.4070945146932597,0,0.429
R09612,0.3912824258458313,0,0.429
R09619,0.393622043096312,0,0.429
R09627,0.3035335504473689,0,0.429
R09651,0.29466330710017347,0,0.429
R09663,0.2155473577350549,0,0.429
R09673,0.2781225677789251,0,0.429
R09686,0.39194690286360234,0,0.429
R09688,0.19150535965569845,0,0.429
R09698,0.27859978531218876,0,0.429
R09699,0.09078102822893808,0,0.429
R09714,0.3543494825458386,0,0.429
R09721,0.41602835057734655,0,0.429
R09737,0.2290794031702792,0,0.429
R09739,0.14504976284929097,0,0.429
R09745,0.26610833089916164,0,0.429
R09749,0.09162127146867577,0,0.429
R09757,0.20614546167527367,0,0.429
R09774,0.3872303970299952,0,0.429
R09775,0.15722174355467597,0,0.429
R09780,0.34292188744048235,0,0.429
R09785,0.21337230838272983,0,0.429
R09797,0.31954217139478114,0,0.429
R09800,0.38330122947641043,0,0.429
R09801,0.41132538607800456,0,0.429
R09805,0.42489399205119144,0,0.429
R09810,0.7952539357787043,1,0.429
R09814,0.4261983531101852,0,0.429
R09819,0.4251266867079834,0,0.429
